created_at,updated_at,user_id,OCI_1,OCI_2,OCI_3,OCI_4,OCI_5,OCI_6,OCI_7,OCI_8,OCI_9,OCI_10,OCI_11,OCI_12,OCI_13,FSCI_1,FSCI_2,FSCI_3,FSCI_4,FSCI_5,FSCI_6,FSCI_7,FSCI_8,FSCI_9,FSCI_10,FSCI_11,FSCI_12,FSCI_13,SLI_1,SLI_2,SLI_3,SLI_4,SLI_5,FOP_1,FOP_2,FOP_3,FOP_4,FOP_5,FOP_6,FOP_7,FOP_8,FOP_9,FOP_10,FOP_11,FOP_others,CS_1,CS_2,CS_3,CS_4,CS_5,CS_6,CS_7,CS_8,CS_9,CS_10,CS_11,CS_12,CS_13,CS_14,FS_1_1,FS_1_2,FS_2,FS_3_1,FS_3_2,FS_4_1,FS_4_2,FS_5,FS_6,FS_7,FS_8,FS_9,FS_10,FS_11,FS_12,FS_13,FS_14,FS_15,FS_16,FS_17,FS_18,FS_19,FS_20,FS_21,CI_1,CI_2,CI_3,CI_4,CI_5,CI_6,CI_7,FN_1,FN_2,FN_3,HTAS_1,HTAS_2,HTAS_3,HTAS_4,HTAS_5,HTAS_6,HTAS_7,HTAS_8,HTAS_9,HTAS_10,HTAS_11,HTAS_12,HTAS_13,HTAS_14,HTAS_15,HTAS_16,HTAS_17,HTAS_18,HTAS_19,HTAS_20,DEB_R_1,DEB_R_2,DEB_R_3,DEB_R_4,DEB_R_5,DEB_R_6,DEB_R_7,DEB_R_8,DEB_R_9,DEB_R_10,DEB_E_11,DEB_E_12,DEB_E_13,DEB_E_14,DEB_E_15,DEB_E_16,DEB_E_17,DEB_E_18,DEB_E_19,DEB_E_20,DEB_E_21,DEB_E_22,DEB_E_23,DEB_EX_24,DEB_EX_25,DEB_EX_26,DEB_EX_27,DEB_EX_28,DEB_EX_29,DEB_EX_30,DEB_EX_31,DEB_EX_32,DEB_EX_33,BES_1,BES_2,BES_3,BES_4,BES_5,BES_6,BES_7,BES_8,BES_9,BES_10,BES_11,BES_12,BES_13,BES_14,BES_15,BES_16,SR_1,SR_2,SR_3,SR_4,SR_5,SR_6,SR_7,SR_8,SR_9,SR_10,SR_11,SR_12,SR_13,SR_14,SR_15,SR_16,SR_17,SR_18,SR_19,SR_20,SR_21,SR_22,SR_23,SR_24,BAS_1,BAS_2,BAS_3,BAS_4,BAS_5,BAS_6,BAS_7,BAS_8,BAS_9,BAS_10,BAS_11,BAS_12,BAS_13,HEXAD_1,HEXAD_2,HEXAD_3,HEXAD_4,HEXAD_5,HEXAD_6,HEXAD_7,HEXAD_8,HEXAD_9,HEXAD_10,HEXAD_11,HEXAD_12,M_1,M_2,M_3,M_4,M_5,M_6,M_7,M_8,M_9,M_10,M_11,M_12,M_13,M_14,M_15,M_16,M_17,M_18,M_19,M_20,M_21,M_22,M_23,M_24
2023-11-08 18:24:41.425601 +00:00,2024-01-17 19:36:01.919307 +00:00,8,,,,,,,,,,,,,,,,,,,,,,,,,,,,,,,,,,,,,,,,,,,,,,,,,,,,,,,,,,,,,,,,,,,,,,,,,,,,,,,,,,,,,,,,,,,,,,,,,,,,,,,,,,,,,,,,,,,,,,,,,,,,,,,,,,,,,,,,,,,,,,,,,,,,,,,,,,,,,,,,,,,,,,,,,,,,,,,,,,,,,,,,,,,,,,,,,,,,,,,,,,,,,,,,,,,,,,,,,,,,,,,,,,,,,,,,,
2023-11-07 22:48:50.124452 +00:00,2023-11-11 22:37:26.806888 +00:00,3,3,3,3,4,3,4,4,3,4,4,3,3,3,4,4,4,4,3,3,4,4,4,3,4,4,5,4,4,4,4,4,2,2,2,3,3,3,2,2,2,2,2,"",5,5,5,5,5,5,5,5,5,5,5,5,5,5,4,4,4,4,3,3,3,3,4,4,4,5,4,4,4,4,5,4,4,4,4,4,4,4,4,4,3,2,4,4,4,5,5,5,,,,,,,,,,,,,,,,,,,,,4,4,5,4,4,4,4,4,4,4,4,4,4,4,4,4,4,4,4,4,3,4,4,3,3,3,4,3,3,3,3,3,2,3,3,3,3,3,2,3,3,3,3,3,2,,3,3,2,1,1,0,0,0,0,0,0,0,0,0,0,0,0,0,0,0,0,0,0,0,0,1,0,2,2,2,2,2,2,2,2,2,2,2,3,3,6,5,5,4,5,4,6,6,4,5,3,3,5,5,5,5,5,6,6,5,5,5,7,6,5,6,4,4,3,2,2,4,4,4,5,5
2023-11-07 17:18:04.698134 +00:00,2023-11-08 09:30:56.826592 +00:00,1,1,1,4,4,2,4,2,4,5,4,2,1,1,4,4,3,4,4,4,4,3,5,4,4,3,4,2,4,3,4,4,2,2,3,3,3,3,3,3,3,3,3,"",5,3,1,4,5,5,5,0,2,5,5,5,0,4,4,3,4,4,4,5,4,4,4,2,1,2,1,1,4,3,3,5,4,2,4,4,4,3,5,4,5,5,4,3,4,5,5,5,,,,,,,,,,,,,,,,,,,,,3,3,1,4,1,2,2,4,2,1,1,4,4,2,2,1,2,2,3,0,4,4,4,5,5,5,4,4,4,1,5,1,4,2,3,2,3,2,2,1,3,1,3,2,1,4,2,1,2,1,1,0,0,0,0,0,0,0,0,1,0,0,1,1,0,0,0,0,0,0,1,1,0,2,2,1,2,3,3,3,3,3,1,2,2,2,5,5,3,7,5,6,6,6,3,1,1,2,5,3,3,5,2,2,2,2,1,5,5,5,6,3,2,3,3,1,2,2,3,4,3,1
2023-11-08 08:46:31.432689 +00:00,2023-11-08 09:31:13.396497 +00:00,4,3,2,4,5,4,4,4,4,4,4,2,2,1,4,4,3,4,4,2,4,3,4,3,4,4,3,2,5,5,3,2,2,2,3,3,3,3,3,3,3,3,3,"",2,4,1,4,2,2,4,1,0,5,1,0,0,5,1,0,1,2,1,3,3,1,1,3,2,3,2,1,3,4,3,2,5,1,3,4,2,1,1,1,1,1,3,1,3,4,2,2,,,,,,,,,,,,,,,,,,,,,3,2,1,4,1,3,2,2,1,3,1,1,2,2,1,1,3,1,1,0,1,1,1,5,2,4,2,2,2,2,2,2,4,2,1,1,1,2,2,1,2,1,1,2,1,1,1,1,2,1,0,0,0,0,0,0,0,0,0,1,0,0,1,0,1,1,0,0,0,0,0,0,0,1,2,1,2,2,1,1,3,3,2,3,2,1,6,7,3,5,6,6,5,5,6,7,4,5,2,2,2,5,2,5,4,4,6,6,5,6,6,4,3,4,2,3,3,3,3,3,2,2
2023-11-08 15:05:36.195186 +00:00,2023-11-08 15:42:29.608877 +00:00,6,3,2,3,5,3,5,3,4,5,3,5,1,3,3,3,3,5,4,4,3,3,4,4,5,3,5,3,3,3,5,5,2,2,1,3,3,3,1,1,3,3,1,"",5,5,5,4,4,3,5,0,5,5,5,5,0,5,3,3,4,3,2,3,1,3,5,4,5,4,4,5,3,3,5,4,5,4,4,3,3,4,5,4,5,5,5,5,4,5,5,5,,,,,,,,,,,,,,,,,,,,,5,3,3,5,2,4,5,4,4,4,4,3,1,1,1,3,1,1,1,1,1,1,3,5,3,5,3,4,4,4,3,2,4,3,1,1,2,1,2,1,2,1,1,1,1,1,3,2,1,1,1,0,0,0,0,0,0,0,0,0,0,1,0,1,0,1,0,0,0,0,0,0,0,1,2,1,1,2,4,4,3,4,2,1,1,3,5,7,4,4,4,4,6,6,4,6,2,4,4,5,4,5,4,4,4,4,6,6,6,6,1,1,1,1,1,2,2,1,1,1,1,1
2023-11-11 10:42:45.938379 +00:00,2023-11-13 21:34:15.356772 +00:00,17,,,,,,,,,,,,,,,,,,,,,,,,,,,,,,,,,,,,,,,,,,,"",,,,,,,,,,,,,,,,,,,,,,,,,,,,,,,,,,,,,,,,,,,,,,,,,,,,,,,,,,,,,,,,,,,,,,,,,,,,,,,,,,,,,,,,,,,,,,,,,,,,,,,,,,,,,,,,,,,,,,,,,,,,,,,,,,,,,,,,,,,,,,,,,,,,,,,,,,,,,,,,,,,,,,,,,,,,,,,,,,,,,,,,,,,,,,
2023-11-08 12:34:29.120856 +00:00,2023-11-08 12:34:29.120878 +00:00,5,,,,,,,,,,,,,,,,,,,,,,,,,,,,,,,,,,,,,,,,,,,,,,,,,,,,,,,,,,,,,,,,,,,,,,,,,,,,,,,,,,,,,,,,,,,,,,,,,,,,,,,,,,,,,,,,,,,,,,,,,,,,,,,,,,,,,,,,,,,,,,,,,,,,,,,,,,,,,,,,,,,,,,,,,,,,,,,,,,,,,,,,,,,,,,,,,,,,,,,,,,,,,,,,,,,,,,,,,,,,,,,,,,,,,,,,,
2023-11-08 17:13:05.365147 +00:00,2023-11-08 17:27:59.793933 +00:00,7,3,3,2,3,4,4,4,3,3,3,3,3,3,3,4,3,4,3,3,3,3,3,3,3,3,3,,,,,,,,,,,,,,,,,,,,,,,,,,,,,,,,,,,,,,,,,,,,,,,,,,,,,,,,,,,,,,,,,,,,,,,,,,,,,,,,,,,,,,,,,,,,,,,,,,,,,,,,,,,,,,,,,,,,,,,,,,,,,,,,,,,,,,,,,,,,,,,,,,,,,,,,,,,,,,,,,,,,,,,,,,,,,,,,,,,,,,,,,,,,,,,,,,,,,,,,,,,,,,,
2024-01-21 10:41:57.506390 +00:00,2024-01-21 10:45:04.539930 +00:00,79,,,,,,,,,,,,,,,,,,,,,,,,,,,,,,,,,,,,,,,,,,,"",,,,,,,,,,,,,,,,,,,,,,,,,,,,,,,,,,,,,,,,,,,,,,,,,,,,,,,,,,,,,,,,,,,,,,,,,,,,,,,,,,,,,,,,,,,,,,,,,,,,,,,,,,,,,,,,,,,,,,,,,,,,,,,,,,,,,,,,,,,,,,,,,,,,,,,,,,,,,,,,,,,,,,,,,,,,,,,,,,,,,,,,,,,,,,
2024-02-06 10:22:57.571459 +00:00,2024-02-06 10:22:57.571488 +00:00,82,,,,,,,,,,,,,,,,,,,,,,,,,,,,,,,,,,,,,,,,,,,,,,,,,,,,,,,,,,,,,,,,,,,,,,,,,,,,,,,,,,,,,,,,,,,,,,,,,,,,,,,,,,,,,,,,,,,,,,,,,,,,,,,,,,,,,,,,,,,,,,,,,,,,,,,,,,,,,,,,,,,,,,,,,,,,,,,,,,,,,,,,,,,,,,,,,,,,,,,,,,,,,,,,,,,,,,,,,,,,,,,,,,,,,,,,,
2024-03-13 06:26:19.822916 +00:00,2024-03-13 06:26:19.822948 +00:00,88,,,,,,,,,,,,,,,,,,,,,,,,,,,,,,,,,,,,,,,,,,,,,,,,,,,,,,,,,,,,,,,,,,,,,,,,,,,,,,,,,,,,,,,,,,,,,,,,,,,,,,,,,,,,,,,,,,,,,,,,,,,,,,,,,,,,,,,,,,,,,,,,,,,,,,,,,,,,,,,,,,,,,,,,,,,,,,,,,,,,,,,,,,,,,,,,,,,,,,,,,,,,,,,,,,,,,,,,,,,,,,,,,,,,,,,,,
2023-11-08 23:23:15.188968 +00:00,2023-11-08 23:23:15.188989 +00:00,12,,,,,,,,,,,,,,,,,,,,,,,,,,,,,,,,,,,,,,,,,,,,,,,,,,,,,,,,,,,,,,,,,,,,,,,,,,,,,,,,,,,,,,,,,,,,,,,,,,,,,,,,,,,,,,,,,,,,,,,,,,,,,,,,,,,,,,,,,,,,,,,,,,,,,,,,,,,,,,,,,,,,,,,,,,,,,,,,,,,,,,,,,,,,,,,,,,,,,,,,,,,,,,,,,,,,,,,,,,,,,,,,,,,,,,,,,
2024-03-13 12:47:52.865061 +00:00,2024-03-13 12:47:52.865099 +00:00,89,,,,,,,,,,,,,,,,,,,,,,,,,,,,,,,,,,,,,,,,,,,,,,,,,,,,,,,,,,,,,,,,,,,,,,,,,,,,,,,,,,,,,,,,,,,,,,,,,,,,,,,,,,,,,,,,,,,,,,,,,,,,,,,,,,,,,,,,,,,,,,,,,,,,,,,,,,,,,,,,,,,,,,,,,,,,,,,,,,,,,,,,,,,,,,,,,,,,,,,,,,,,,,,,,,,,,,,,,,,,,,,,,,,,,,,,,
2023-11-10 17:59:23.116338 +00:00,2023-11-13 19:31:54.313788 +00:00,16,2,3,4,3,4,4,4,2,5,4,4,1,3,4,4,3,5,3,3,2,3,3,4,5,4,3,2,4,2,4,5,1,1,2,3,1,3,2,3,3,3,1,"",2,1,0,4,4,4,0,4,4,5,2,0,1,0,2,2,2,5,4,2,5,2,4,4,4,3,2,3,2,2,3,1,2,3,2,2,3,2,1,2,1,1,2,1,4,5,3,2,,,,,,,,,,,,,,,,,,,,,3,4,3,2,3,4,4,4,4,3,2,4,4,2,1,1,1,1,1,1,1,2,4,3,2,2,2,2,1,1,2,1,4,3,4,2,3,2,1,1,2,1,1,1,2,2,2,1,2,0,1,1,0,0,0,0,0,1,0,0,0,1,0,0,0,0,0,0,1,0,0,0,0,2,1,2,3,4,4,3,3,4,2,3,1,3,6,5,5,1,4,5,4,4,3,6,2,4,5,3,3,4,4,2,5,5,6,6,5,7,7,5,3,3,2,2,2,2,4,3,2,1
2023-11-08 19:13:49.272097 +00:00,2023-11-11 16:24:47.589799 +00:00,9,2,4,3,4,5,5,5,,4,4,4,3,4,3,3,3,5,5,3,5,3,3,5,5,4,5,1,5,3,4,2,1,1,1,2,1,1,1,1,3,1,1,"",0,0,0,4,0,0,3,5,0,4,2,2,0,0,1,0,1,3,4,4,4,2,5,5,5,4,1,1,1,1,1,1,1,1,1,2,1,1,1,1,1,1,2,2,1,5,5,2,,,,,,,,,,,,,,,,,,,,,0,1,1,4,1,1,1,1,1,1,3,5,2,3,2,3,2,2,2,2,2,2,4,5,5,5,5,3,2,2,4,1,2,1,1,1,3,1,1,1,1,1,1,1,1,2,1,1,1,0,1,0,0,0,0,0,1,0,0,1,0,1,0,1,0,0,0,0,0,0,0,1,0,1,1,1,1,1,2,4,2,4,3,3,3,1,7,6,5,3,7,7,5,5,7,7,1,5,2,2,2,2,2,1,1,3,7,6,6,7,7,1,2,4,7,6,6,6,1,1,1,1
2023-11-08 21:40:53.304994 +00:00,2023-11-08 21:44:18.285053 +00:00,14,3,3,4,4,5,5,3,3,3,3,3,3,3,,,,,,,,,,,,,,,,,,,,,,,,,,,,,,,,,,,,,,,,,,,,,,,,,,,,,,,,,,,,,,,,,,,,,,,,,,,,,,,,,,,,,,,,,,,,,,,,,,,,,,,,,,,,,,,,,,,,,,,,,,,,,,,,,,,,,,,,,,,,,,,,,,,,,,,,,,,,,,,,,,,,,,,,,,,,,,,,,,,,,,,,,,,,,,,,,,,,,,,,,,,,,,,,,,,,,,,,,,,,
2023-11-08 22:59:54.146376 +00:00,2023-12-03 22:05:05.054374 +00:00,11,,,,,,,,,,,,,,,,,,,,,,,,,,,,,,,,,,,,,,,,,,,,,,,,,,,,,,,,,,,,,,,,,,,,,,,,,,,,,,,,,,,,,,,,,,,,,,,,,,,,,,,,,,,,,,,,,,,,,,,,,,,,,,,,,,,,,,,,,,,,,,,,,,,,,,,,,,,,,,,,,,,,,,,,,,,,,,,,,,,,,,,,,,,,,,,,,,,,,,,,,,,,,,,,,,,,,,,,,,,,,,,,,,,,,,,,,
2024-03-13 15:50:30.935732 +00:00,2024-03-13 15:50:30.935764 +00:00,90,,,,,,,,,,,,,,,,,,,,,,,,,,,,,,,,,,,,,,,,,,,,,,,,,,,,,,,,,,,,,,,,,,,,,,,,,,,,,,,,,,,,,,,,,,,,,,,,,,,,,,,,,,,,,,,,,,,,,,,,,,,,,,,,,,,,,,,,,,,,,,,,,,,,,,,,,,,,,,,,,,,,,,,,,,,,,,,,,,,,,,,,,,,,,,,,,,,,,,,,,,,,,,,,,,,,,,,,,,,,,,,,,,,,,,,,,
2024-03-13 16:45:02.484053 +00:00,2024-03-13 16:45:02.484090 +00:00,91,,,,,,,,,,,,,,,,,,,,,,,,,,,,,,,,,,,,,,,,,,,,,,,,,,,,,,,,,,,,,,,,,,,,,,,,,,,,,,,,,,,,,,,,,,,,,,,,,,,,,,,,,,,,,,,,,,,,,,,,,,,,,,,,,,,,,,,,,,,,,,,,,,,,,,,,,,,,,,,,,,,,,,,,,,,,,,,,,,,,,,,,,,,,,,,,,,,,,,,,,,,,,,,,,,,,,,,,,,,,,,,,,,,,,,,,,
2024-03-14 17:11:25.557393 +00:00,2024-03-14 17:11:25.557437 +00:00,93,,,,,,,,,,,,,,,,,,,,,,,,,,,,,,,,,,,,,,,,,,,,,,,,,,,,,,,,,,,,,,,,,,,,,,,,,,,,,,,,,,,,,,,,,,,,,,,,,,,,,,,,,,,,,,,,,,,,,,,,,,,,,,,,,,,,,,,,,,,,,,,,,,,,,,,,,,,,,,,,,,,,,,,,,,,,,,,,,,,,,,,,,,,,,,,,,,,,,,,,,,,,,,,,,,,,,,,,,,,,,,,,,,,,,,,,,
2024-03-14 17:18:47.574241 +00:00,2024-03-14 17:18:47.574261 +00:00,94,,,,,,,,,,,,,,,,,,,,,,,,,,,,,,,,,,,,,,,,,,,,,,,,,,,,,,,,,,,,,,,,,,,,,,,,,,,,,,,,,,,,,,,,,,,,,,,,,,,,,,,,,,,,,,,,,,,,,,,,,,,,,,,,,,,,,,,,,,,,,,,,,,,,,,,,,,,,,,,,,,,,,,,,,,,,,,,,,,,,,,,,,,,,,,,,,,,,,,,,,,,,,,,,,,,,,,,,,,,,,,,,,,,,,,,,,
2024-03-28 13:12:36.567008 +00:00,2024-03-28 13:12:36.567042 +00:00,97,,,,,,,,,,,,,,,,,,,,,,,,,,,,,,,,,,,,,,,,,,,,,,,,,,,,,,,,,,,,,,,,,,,,,,,,,,,,,,,,,,,,,,,,,,,,,,,,,,,,,,,,,,,,,,,,,,,,,,,,,,,,,,,,,,,,,,,,,,,,,,,,,,,,,,,,,,,,,,,,,,,,,,,,,,,,,,,,,,,,,,,,,,,,,,,,,,,,,,,,,,,,,,,,,,,,,,,,,,,,,,,,,,,,,,,,,
2024-03-31 17:07:54.866078 +00:00,2024-03-31 17:07:54.866116 +00:00,98,,,,,,,,,,,,,,,,,,,,,,,,,,,,,,,,,,,,,,,,,,,,,,,,,,,,,,,,,,,,,,,,,,,,,,,,,,,,,,,,,,,,,,,,,,,,,,,,,,,,,,,,,,,,,,,,,,,,,,,,,,,,,,,,,,,,,,,,,,,,,,,,,,,,,,,,,,,,,,,,,,,,,,,,,,,,,,,,,,,,,,,,,,,,,,,,,,,,,,,,,,,,,,,,,,,,,,,,,,,,,,,,,,,,,,,,,
2024-04-16 15:04:11.525697 +00:00,2024-04-16 15:04:11.525731 +00:00,99,,,,,,,,,,,,,,,,,,,,,,,,,,,,,,,,,,,,,,,,,,,,,,,,,,,,,,,,,,,,,,,,,,,,,,,,,,,,,,,,,,,,,,,,,,,,,,,,,,,,,,,,,,,,,,,,,,,,,,,,,,,,,,,,,,,,,,,,,,,,,,,,,,,,,,,,,,,,,,,,,,,,,,,,,,,,,,,,,,,,,,,,,,,,,,,,,,,,,,,,,,,,,,,,,,,,,,,,,,,,,,,,,,,,,,,,,
2024-04-17 12:32:52.990285 +00:00,2024-04-17 12:34:20.044036 +00:00,100,,,,,,,,,,,,,,,,,,,,,,,,,,,,,,,,,,,,,,,,,,,,,,,,,,,,,,,,,,,,,,,,,,,,,,,,,,,,,,,,,,,,,,,,,,,,,,,,,,,,,,,,,,,,,,,,,,,,,,,,,,,,,,,,,,,,,,,,,,,,,,,,,,,,,,,,,,,,,,,,,,,,,,,,,,,,,,,,,,,,,,,,,,,,,,,,,,,,,,,,,,,,,,,,,,,,,,,,,,,,,,,,,,,,,,,,,
2024-05-21 18:23:34.052930 +00:00,2024-05-21 18:23:34.052973 +00:00,104,,,,,,,,,,,,,,,,,,,,,,,,,,,,,,,,,,,,,,,,,,,,,,,,,,,,,,,,,,,,,,,,,,,,,,,,,,,,,,,,,,,,,,,,,,,,,,,,,,,,,,,,,,,,,,,,,,,,,,,,,,,,,,,,,,,,,,,,,,,,,,,,,,,,,,,,,,,,,,,,,,,,,,,,,,,,,,,,,,,,,,,,,,,,,,,,,,,,,,,,,,,,,,,,,,,,,,,,,,,,,,,,,,,,,,,,,
2024-01-21 10:46:41.521265 +00:00,2024-01-21 10:46:41.521295 +00:00,80,,,,,,,,,,,,,,,,,,,,,,,,,,,,,,,,,,,,,,,,,,,,,,,,,,,,,,,,,,,,,,,,,,,,,,,,,,,,,,,,,,,,,,,,,,,,,,,,,,,,,,,,,,,,,,,,,,,,,,,,,,,,,,,,,,,,,,,,,,,,,,,,,,,,,,,,,,,,,,,,,,,,,,,,,,,,,,,,,,,,,,,,,,,,,,,,,,,,,,,,,,,,,,,,,,,,,,,,,,,,,,,,,,,,,,,,,
2023-11-11 18:36:09.778077 +00:00,2023-11-11 19:05:25.784652 +00:00,20,2,1,1,5,4,,2,5,2,2,4,4,3,3,3,4,4,5,4,5,5,4,3,4,4,5,4,5,5,4,3,1,1,1,3,1,3,1,1,3,3,1,"",5,3,3,5,5,5,5,3,0,5,1,3,1,5,1,1,1,2,2,3,2,1,1,5,3,1,2,3,3,3,1,3,2,1,2,2,2,3,3,3,4,3,4,2,1,4,2,4,,,,,,,,,,,,,,,,,,,,,2,1,2,1,2,1,2,2,2,2,5,5,5,5,5,4,5,5,5,4,4,5,4,5,5,5,5,3,5,4,2,3,4,4,3,4,4,3,3,4,2,3,3,3,3,2,2,2,3,1,1,0,0,1,1,1,1,1,0,1,1,1,1,0,1,0,0,1,1,1,0,1,0,1,1,1,1,3,3,3,3,3,3,3,3,1,7,5,5,4,6,6,7,6,4,4,2,3,4,5,2,4,2,1,2,3,4,4,7,7,7,7,7,7,6,6,6,6,2,1,3,1
2023-11-11 14:23:06.419623 +00:00,2023-11-11 14:39:33.854517 +00:00,18,1,3,2,4,1,4,4,3,4,4,3,1,1,3,3,3,3,4,4,4,5,4,3,4,5,5,1,4,2,1,3,1,1,1,2,1,3,1,2,1,2,1,"",0,0,0,0,0,0,0,3,4,0,0,0,0,0,1,0,4,4,5,3,2,1,2,5,4,2,3,1,2,3,3,3,4,2,1,1,1,1,2,1,1,1,1,2,1,5,3,5,,,,,,,,,,,,,,,,,,,,,0,2,1,2,1,0,1,1,1,1,0,0,2,2,0,0,1,1,1,1,1,1,1,4,3,,2,1,1,1,1,1,1,2,3,2,1,2,1,1,1,1,1,1,1,2,1,1,2,0,1,1,0,0,0,0,0,1,0,0,0,0,0,0,0,0,0,1,0,0,0,0,0,2,1,3,2,2,3,3,3,3,1,1,1,1,6,6,4,5,7,6,6,6,7,7,2,2,4,3,,4,4,4,1,2,4,1,1,1,7,1,1,1,1,1,1,1,1,1,1,1
2023-11-11 22:04:06.686658 +00:00,2023-11-11 22:39:32.975477 +00:00,22,1,1,3,5,4,4,5,5,4,3,3,1,1,3,3,4,4,5,4,5,4,3,4,5,5,5,3,3,3,3,1,1,1,1,3,1,1,2,1,3,2,1,No,5,5,5,5,5,5,5,5,3,4,4,4,5,4,2,3,1,4,3,5,1,4,2,4,2,1,4,3,4,4,3,3,5,3,4,4,5,4,3,3,4,3,5,3,3,5,5,5,,,,,,,,,,,,,,,,,,,,,4,5,3,2,4,3,2,4,5,3,4,5,5,5,5,3,4,4,5,2,2,2,4,5,5,5,3,4,4,5,3,5,5,3,3,2,2,2,2,4,2,2,3,2,2,1,2,2,2,0,1,1,0,0,0,0,0,0,0,1,1,1,1,1,1,1,0,1,1,1,1,1,0,1,1,1,2,1,3,3,3,4,1,1,1,1,7,7,3,3,6,6,7,7,7,7,7,7,7,7,7,7,5,7,4,7,7,7,7,7,4,2,1,1,1,1,1,1,1,1,2,1
2023-11-11 18:55:22.990138 +00:00,2023-11-11 19:08:45.372242 +00:00,21,2,4,3,5,4,4,4,4,3,4,5,3,3,5,5,5,5,5,4,4,5,5,5,5,5,5,3,3,1,5,4,1,2,1,3,3,2,1,2,2,3,1,"",5,5,0,4,0,0,0,2,0,3,3,0,0,5,4,1,4,2,1,4,1,4,4,4,4,2,4,5,4,4,4,4,4,4,4,4,4,4,3,4,1,3,3,1,1,3,3,1,,,,,,,,,,,,,,,,,,,,,3,4,1,1,1,3,3,3,3,3,3,3,3,3,3,3,3,4,4,2,2,3,3,3,4,4,4,1,1,1,2,1,5,3,3,3,4,3,3,3,3,1,2,2,3,1,3,2,2,1,1,0,0,0,0,0,0,1,0,1,0,1,1,1,1,1,1,1,0,0,0,0,1,3,1,1,1,2,3,3,3,2,2,2,2,2,7,7,7,4,7,7,4,4,7,7,7,7,5,5,6,5,5,6,5,4,5,5,5,5,6,6,5,7,5,6,5,6,6,5,4,5
2023-11-13 09:50:12.305047 +00:00,2023-11-13 09:50:12.305094 +00:00,26,,,,,,,,,,,,,,,,,,,,,,,,,,,,,,,,,,,,,,,,,,,,,,,,,,,,,,,,,,,,,,,,,,,,,,,,,,,,,,,,,,,,,,,,,,,,,,,,,,,,,,,,,,,,,,,,,,,,,,,,,,,,,,,,,,,,,,,,,,,,,,,,,,,,,,,,,,,,,,,,,,,,,,,,,,,,,,,,,,,,,,,,,,,,,,,,,,,,,,,,,,,,,,,,,,,,,,,,,,,,,,,,,,,,,,,,,
2023-11-12 17:55:30.487781 +00:00,2023-11-12 19:33:41.258964 +00:00,25,5,4,5,4,4,4,5,5,5,5,5,1,3,5,5,5,5,5,5,5,5,4,5,5,5,5,1,5,2,5,4,3,3,3,3,3,3,3,3,3,3,3,lots of diferent nuances of organic food labels,5,4,0,5,4,5,5,0,4,5,0,0,5,5,5,3,2,2,1,5,3,4,5,5,5,5,3,3,3,2,4,5,4,1,4,4,5,5,5,4,5,5,5,5,5,5,5,5,,,,,,,,,,,,,,,,,,,,,4,2,2,4,1,3,2,1,2,2,2,4,4,4,4,1,1,1,1,1,1,1,4,5,5,5,2,4,4,2,4,1,5,3,1,1,3,2,2,1,2,2,2,2,2,3,3,4,2,1,1,1,0,1,0,1,0,1,0,1,0,1,0,1,1,1,0,1,1,0,1,1,0,1,1,1,1,1,3,4,4,4,1,1,2,2,7,7,5,3,6,7,7,7,6,6,3,2,6,7,6,6,6,7,6,7,7,7,7,7,7,6,6,7,1,1,1,1,2,1,1,1
2023-11-11 22:59:42.971857 +00:00,2023-11-11 23:18:09.341350 +00:00,23,2,2,3,2,4,4,3,3,2,5,5,2,5,3,4,4,5,3,2,2,2,1,3,2,5,3,1,5,4,5,5,1,1,2,3,3,3,2,3,3,3,2,"",4,4,2,5,3,3,5,2,1,3,5,3,3,4,5,4,3,1,2,4,4,4,5,5,5,2,5,5,4,3,4,4,2,1,2,2,3,2,4,4,4,4,5,4,4,2,1,3,,,,,,,,,,,,,,,,,,,,,1,1,1,1,1,1,1,1,1,1,2,1,1,1,1,1,3,1,2,1,1,1,3,5,5,4,4,2,2,3,4,4,2,1,1,2,2,1,1,1,3,1,2,1,3,2,1,1,1,1,1,0,0,0,0,0,1,1,0,1,0,0,0,1,1,1,0,1,1,1,0,0,1,2,1,2,2,3,2,2,3,4,1,3,2,3,5,4,4,5,6,7,5,6,6,7,6,5,2,2,4,2,1,1,4,1,5,3,5,3,1,1,1,1,3,1,1,2,5,5,6,6
2023-11-11 23:14:37.808843 +00:00,2023-11-29 17:52:56.018114 +00:00,24,1,1,1,1,1,1,1,1,1,4,1,1,1,1,1,1,1,1,1,1,1,1,1,1,1,1,2,1,3,1,1,2,3,2,1,1,1,1,1,1,1,1,"",1,1,1,1,1,1,1,1,1,1,1,1,1,1,1,1,3,1,1,2,2,1,1,1,1,1,2,1,1,1,2,1,1,1,1,1,1,1,5,5,4,1,5,5,5,5,3,3,,,,,,,,,,,,,,,,,,,,,2,2,1,2,1,1,1,5,4,5,4,4,5,5,5,5,5,5,5,3,5,5,5,5,5,5,5,5,4,5,2,2,1,1,1,1,3,2,2,,2,1,1,2,2,2,3,1,1,1,1,0,0,0,0,0,0,0,0,0,0,0,0,0,0,0,0,0,0,0,0,0,0,4,4,4,4,4,4,4,4,2,3,4,4,4,7,7,5,5,7,7,5,1,7,7,3,4,7,7,7,7,7,7,7,7,7,7,7,7,7,4,7,7,7,4,3,7,7,4,2,7
2024-02-08 11:55:29.098333 +00:00,2024-03-06 13:31:59.686420 +00:00,83,,,,,,,,,,,,,,,,,,,,,,,,,,,,,,,,,,,,,,,,,,,"",,,,,,,,,,,,,,,,,,,,,,,,,,,,,,,,,,,,,,,,,,,,,,,,,,,,,,,,,,,,,,,,,,,,,,,,,,,,,,,,,,,,,,,,,,,,,,,,,,,,,,,,,,,,,,,,,,,,,,,,,,,,,,,,,,,,,,,,,,,,,,,,,,,,,,,,,,,,,,,,,,,,,,,,,,,,,,,,,,,,,,,,,,,,,,
2024-03-13 16:51:18.372328 +00:00,2024-03-13 16:51:18.372367 +00:00,92,,,,,,,,,,,,,,,,,,,,,,,,,,,,,,,,,,,,,,,,,,,,,,,,,,,,,,,,,,,,,,,,,,,,,,,,,,,,,,,,,,,,,,,,,,,,,,,,,,,,,,,,,,,,,,,,,,,,,,,,,,,,,,,,,,,,,,,,,,,,,,,,,,,,,,,,,,,,,,,,,,,,,,,,,,,,,,,,,,,,,,,,,,,,,,,,,,,,,,,,,,,,,,,,,,,,,,,,,,,,,,,,,,,,,,,,,
2024-03-14 17:22:06.139634 +00:00,2024-03-14 17:22:06.139653 +00:00,95,,,,,,,,,,,,,,,,,,,,,,,,,,,,,,,,,,,,,,,,,,,,,,,,,,,,,,,,,,,,,,,,,,,,,,,,,,,,,,,,,,,,,,,,,,,,,,,,,,,,,,,,,,,,,,,,,,,,,,,,,,,,,,,,,,,,,,,,,,,,,,,,,,,,,,,,,,,,,,,,,,,,,,,,,,,,,,,,,,,,,,,,,,,,,,,,,,,,,,,,,,,,,,,,,,,,,,,,,,,,,,,,,,,,,,,,,
2024-05-27 21:19:15.225378 +00:00,2024-05-27 21:59:56.082566 +00:00,115,1,1,2,2,1,2,2,,3,2,3,1,4,3,2,2,2,2,3,3,1,3,2,4,3,3,2,2,2,4,2,1,1,1,1,,1,1,1,1,1,1,"",2,2,2,3,2,3,3,2,2,2,2,2,2,3,2,2,3,2,2,2,2,2,3,2,2,3,3,2,2,3,2,2,2,2,2,3,3,2,3,3,3,1,3,3,3,2,3,3,,,,,,,,,,,,,,,,,,,,,2,2,1,2,2,2,3,2,2,2,3,3,3,2,2,2,2,3,3,3,3,3,3,3,3,3,3,3,2,2,3,2,3,3,1,2,2,2,1,4,3,3,1,4,4,2,1,1,1,1,1,0,0,1,0,1,1,1,0,1,1,1,0,0,0,0,0,0,0,0,1,1,0,3,2,2,2,2,2,2,2,2,2,2,2,2,3,3,3,3,3,3,3,3,3,3,3,3,2,3,3,3,3,3,3,3,3,3,3,3,3,2,3,3,2,2,2,3,3,2,3,3
2023-11-27 14:38:29.050884 +00:00,2023-11-27 15:01:58.625576 +00:00,55,3,2,2,2,4,3,3,2,2,2,3,3,2,2,2,2,2,3,2,2,2,2,2,3,3,3,2,3,2,3,3,1,1,1,3,3,3,3,2,3,3,1,"",4,4,3,3,2,2,3,3,2,2,3,2,3,4,2,0,2,2,0,2,2,3,2,3,3,2,3,2,2,3,1,2,4,2,3,2,3,3,4,3,3,1,3,3,3,2,2,3,,,,,,,,,,,,,,,,,,,,,3,2,3,3,2,2,2,3,3,2,3,2,3,2,2,3,2,2,3,2,3,3,3,3,2,2,3,2,2,2,4,2,4,1,1,1,1,4,1,1,2,2,1,1,1,4,3,3,2,1,0,1,0,0,0,1,1,1,1,1,0,0,0,0,1,1,0,0,0,0,1,1,1,2,2,3,4,2,3,2,3,3,3,3,4,4,7,5,6,6,6,6,6,7,7,7,3,5,6,6,5,6,5,6,3,5,5,5,6,6,6,6,6,3,3,3,3,4,4,4,4,4
2023-11-13 11:23:11.431790 +00:00,2023-11-13 11:37:36.850610 +00:00,27,3,4,4,5,,4,4,3,4,4,4,5,5,3,4,4,4,2,3,3,4,4,5,5,5,5,3,5,3,4,5,3,3,2,3,3,3,1,1,3,3,2,"",4,3,4,4,3,5,3,5,4,0,4,5,4,5,5,1,3,4,4,3,5,5,5,5,5,5,5,5,4,3,1,3,5,3,5,4,5,5,5,5,3,1,4,4,3,5,5,5,,,,,,,,,,,,,,,,,,,,,3,4,5,5,5,5,3,4,5,5,5,1,2,1,1,1,1,1,1,1,1,1,1,1,1,4,4,4,3,4,3,3,5,4,3,1,1,4,1,2,4,1,1,1,1,1,1,1,2,1,1,1,1,1,0,0,,0,0,1,1,0,0,1,1,1,1,0,0,1,1,1,1,2,3,4,4,4,4,4,4,3,4,3,4,4,7,6,4,4,6,6,7,7,7,7,3,7,6,7,5,6,6,7,7,7,6,7,7,7,4,6,6,6,6,7,7,7,7,7,6,6
2024-01-21 11:03:37.136898 +00:00,2024-01-21 11:03:37.136932 +00:00,81,,,,,,,,,,,,,,,,,,,,,,,,,,,,,,,,,,,,,,,,,,,,,,,,,,,,,,,,,,,,,,,,,,,,,,,,,,,,,,,,,,,,,,,,,,,,,,,,,,,,,,,,,,,,,,,,,,,,,,,,,,,,,,,,,,,,,,,,,,,,,,,,,,,,,,,,,,,,,,,,,,,,,,,,,,,,,,,,,,,,,,,,,,,,,,,,,,,,,,,,,,,,,,,,,,,,,,,,,,,,,,,,,,,,,,,,,
2023-11-13 17:47:02.681236 +00:00,2023-11-13 18:10:27.948804 +00:00,30,3,3,2,3,3,3,3,3,3,3,3,3,3,3,3,5,5,5,3,5,5,3,5,5,4,5,1,1,4,5,1,1,1,1,1,1,1,1,1,1,1,1,"",5,5,5,3,4,4,4,3,2,,5,3,1,5,5,5,5,4,3,4,4,5,5,5,5,5,3,5,5,5,5,5,2,2,5,5,5,5,5,4,5,5,3,3,3,5,5,4,,,,,,,,,,,,,,,,,,,,,3,2,3,5,2,5,3,5,2,5,1,1,2,2,2,1,1,1,1,1,1,1,1,4,4,5,3,2,2,1,2,1,2,4,1,1,1,1,2,1,1,1,1,1,1,1,1,1,1,1,1,1,0,0,0,1,0,1,1,1,0,1,1,1,0,0,0,1,1,1,1,1,0,1,1,1,1,1,2,2,1,2,1,1,1,3,5,6,7,7,7,7,7,7,7,7,7,3,7,7,7,7,7,5,5,7,7,7,7,7,7,2,5,7,1,1,1,3,1,1,1,1
2024-03-06 12:07:41.599626 +00:00,2024-03-06 12:07:41.599657 +00:00,84,,,,,,,,,,,,,,,,,,,,,,,,,,,,,,,,,,,,,,,,,,,,,,,,,,,,,,,,,,,,,,,,,,,,,,,,,,,,,,,,,,,,,,,,,,,,,,,,,,,,,,,,,,,,,,,,,,,,,,,,,,,,,,,,,,,,,,,,,,,,,,,,,,,,,,,,,,,,,,,,,,,,,,,,,,,,,,,,,,,,,,,,,,,,,,,,,,,,,,,,,,,,,,,,,,,,,,,,,,,,,,,,,,,,,,,,,
2023-11-13 14:31:00.021672 +00:00,2023-11-14 22:44:07.670838 +00:00,28,2,3,1,4,4,5,5,4,3,3,5,5,5,4,3,4,3,4,4,2,2,3,5,5,4,5,5,3,4,4,1,1,1,1,3,2,3,1,1,2,1,1,"",3,3,3,3,4,4,2,4,4,3,4,4,3,5,2,4,1,4,4,3,4,4,4,3,5,4,4,4,4,3,5,5,5,4,3,2,5,4,5,4,5,1,5,5,5,5,5,5,,,,,,,,,,,,,,,,,,,,,4,5,4,4,4,4,5,4,2,5,4,3,3,5,5,4,2,5,5,4,4,5,4,4,3,2,5,3,4,2,5,5,5,2,4,1,4,1,1,3,1,3,3,3,4,2,2,4,1,1,0,1,1,1,0,1,1,0,0,0,1,1,1,0,1,0,1,0,0,1,0,1,0,2,3,2,2,4,4,3,4,2,4,3,3,1,7,4,5,5,1,6,5,4,4,6,2,4,2,6,2,2,5,2,6,3,4,4,5,4,2,3,6,6,5,3,3,5,5,5,5,5
2023-11-13 18:26:45.708087 +00:00,2023-11-13 18:50:35.675696 +00:00,31,3,4,3,4,5,3,2,2,2,3,3,4,4,2,2,3,3,5,3,3,4,5,3,4,2,4,1,4,3,5,3,1,2,2,3,3,3,1,3,1,1,2,"",3,4,2,4,1,2,4,4,4,3,2,0,0,2,2,0,2,2,5,4,2,4,4,1,1,1,2,2,5,2,1,3,5,5,4,4,4,2,2,2,1,3,4,3,3,1,2,1,,,,,,,,,,,,,,,,,,,,,3,4,2,,2,4,2,3,1,1,2,2,1,2,1,1,1,1,2,1,2,1,1,4,4,4,2,3,3,2,2,2,5,2,1,1,1,2,1,1,2,1,1,1,2,2,1,1,1,0,1,1,0,0,1,1,0,0,0,0,1,1,1,1,1,1,0,0,1,0,1,1,0,2,1,2,1,2,3,3,3,3,3,3,3,2,6,5,6,6,5,6,4,4,7,4,6,5,5,5,5,3,5,5,5,5,4,5,5,6,6,3,3,2,1,2,1,1,2,2,2,1
2023-11-13 18:58:27.843231 +00:00,2023-11-13 19:00:14.759121 +00:00,32,2,2,2,3,3,3,3,2,4,4,4,2,4,4,4,4,3,3,4,3,4,4,,3,3,3,,,,,,,,,,,,,,,,,,,,,,,,,,,,,,,,,,,,,,,,,,,,,,,,,,,,,,,,,,,,,,,,,,,,,,,,,,,,,,,,,,,,,,,,,,,,,,,,,,,,,,,,,,,,,,,,,,,,,,,,,,,,,,,,,,,,,,,,,,,,,,,,,,,,,,,,,,,,,,,,,,,,,,,,,,,,,,,,,,,,,,,,,,,,,,,,,,,,,,,,,,,,,,,
2023-11-29 19:38:52.468837 +00:00,2023-11-29 20:15:59.380426 +00:00,59,2,5,2,5,2,5,5,3,5,4,5,1,2,4,4,4,2,5,2,5,2,2,5,4,4,4,2,3,2,2,2,1,1,1,2,1,2,1,1,3,3,1,no,3,3,2,3,4,0,5,0,0,3,3,0,3,5,2,2,1,3,2,3,3,2,2,4,2,2,4,2,4,2,3,3,3,2,2,2,2,3,3,2,2,3,3,2,3,4,3,5,,,,,,,,,,,,,,,,,,,,,3,2,2,2,2,2,3,2,2,3,5,5,5,5,4,4,5,5,5,5,4,5,4,5,5,5,5,4,4,4,4,4,5,1,3,3,4,3,3,3,3,3,3,3,3,4,3,3,2,1,1,0,0,1,0,0,0,1,0,1,1,0,0,0,1,0,0,1,1,0,0,0,0,1,1,,1,1,3,3,3,3,3,3,3,3,6,6,7,4,5,6,7,4,7,7,3,4,4,3,2,2,1,1,1,1,6,6,6,7,7,7,5,6,6,6,6,5,4,3,2,1
2023-12-01 20:48:23.064519 +00:00,2023-12-04 00:14:56.374889 +00:00,63,1,1,2,5,3,3,3,3,1,2,3,1,1,3,2,2,2,3,2,,5,1,3,3,3,5,4,4,5,5,5,1,1,1,1,2,3,1,1,2,1,1,no,3,1,0,3,5,3,3,3,1,1,2,3,1,1,2,1,1,1,0,1,2,3,3,5,5,2,3,2,3,4,2,3,2,2,2,3,3,2,3,4,4,3,3,3,3,2,2,3,,,,,,,,,,,,,,,,,,,,,1,1,1,2,1,1,1,1,1,1,2,1,2,1,1,1,1,2,1,1,1,1,1,3,3,3,3,2,2,2,1,2,2,2,1,1,1,3,1,1,1,1,1,1,1,4,1,1,1,1,1,,0,1,0,1,0,0,1,0,0,1,1,1,0,1,0,1,0,0,1,1,1,1,1,1,1,1,1,1,1,2,2,2,2,2,7,7,7,7,7,7,7,7,6,6,5,5,6,6,5,5,5,4,4,4,4,5,6,6,4,1,3,5,4,1,1,3,2,2,2,2
2024-03-14 17:29:48.537729 +00:00,2024-03-14 17:29:48.537784 +00:00,96,,,,,,,,,,,,,,,,,,,,,,,,,,,,,,,,,,,,,,,,,,,,,,,,,,,,,,,,,,,,,,,,,,,,,,,,,,,,,,,,,,,,,,,,,,,,,,,,,,,,,,,,,,,,,,,,,,,,,,,,,,,,,,,,,,,,,,,,,,,,,,,,,,,,,,,,,,,,,,,,,,,,,,,,,,,,,,,,,,,,,,,,,,,,,,,,,,,,,,,,,,,,,,,,,,,,,,,,,,,,,,,,,,,,,,,,,
2024-03-06 12:39:17.898967 +00:00,2024-03-06 12:39:17.899001 +00:00,85,,,,,,,,,,,,,,,,,,,,,,,,,,,,,,,,,,,,,,,,,,,,,,,,,,,,,,,,,,,,,,,,,,,,,,,,,,,,,,,,,,,,,,,,,,,,,,,,,,,,,,,,,,,,,,,,,,,,,,,,,,,,,,,,,,,,,,,,,,,,,,,,,,,,,,,,,,,,,,,,,,,,,,,,,,,,,,,,,,,,,,,,,,,,,,,,,,,,,,,,,,,,,,,,,,,,,,,,,,,,,,,,,,,,,,,,,
2023-11-13 16:11:32.327739 +00:00,2023-11-14 04:22:37.136157 +00:00,29,2,2,3,4,3,5,4,3,4,3,4,2,2,3,3,4,4,4,4,4,3,4,4,4,4,4,1,5,2,5,4,1,1,3,3,2,3,3,3,3,3,1,"",4,4,0,5,3,4,4,0,3,5,4,0,3,5,5,5,2,5,4,5,4,5,4,4,5,2,2,4,3,3,2,5,2,4,4,2,3,3,4,5,3,4,5,3,3,3,3,2,,,,,,,,,,,,,,,,,,,,,0,3,2,2,2,1,4,2,2,2,1,2,2,2,2,0,2,2,2,2,2,2,2,4,3,4,4,1,1,1,1,1,2,2,2,1,1,1,1,1,1,1,1,1,1,1,1,1,1,0,0,1,0,0,0,0,0,0,0,0,0,0,0,0,0,0,0,0,0,0,0,0,0,3,1,2,3,2,3,3,3,3,3,3,2,3,6,5,7,7,6,5,5,6,6,6,5,5,5,5,4,5,4,5,5,5,6,5,5,5,5,3,4,2,2,2,2,2,2,3,2,1
2023-11-14 10:13:57.650665 +00:00,2023-11-14 10:21:57.406184 +00:00,33,5,5,3,3,1,1,3,2,3,2,5,4,3,3,4,3,4,2,3,5,3,2,3,4,3,3,3,5,4,5,5,1,1,2,3,3,3,1,3,3,3,1,"",3,4,2,4,3,0,4,4,3,3,4,3,4,4,4,4,4,4,3,4,3,4,3,2,4,5,4,3,4,4,5,3,5,3,3,3,4,1,5,5,5,5,5,4,4,5,5,5,,,,,,,,,,,,,,,,,,,,,5,5,3,3,5,5,3,4,3,5,3,5,3,4,3,4,3,4,4,2,4,4,4,4,2,4,4,3,3,5,4,4,4,1,3,2,1,1,1,3,1,1,1,1,4,1,1,1,2,1,1,0,0,1,0,0,1,1,1,0,1,0,0,0,1,1,0,1,0,1,0,0,0,3,3,3,3,3,4,3,2,2,3,3,3,3,4,5,3,,6,7,4,7,7,7,2,7,6,4,4,7,6,6,6,6,,3,6,6,4,6,6,6,7,7,4,7,5,7,5,7
2023-11-14 10:22:51.863827 +00:00,2023-11-14 10:26:18.170946 +00:00,34,2,3,2,4,2,4,4,3,2,2,1,1,1,,,,,,,,,,,,,,,,,,,,,,,,,,,,,,,,,,,,,,,,,,,,,,,,,,,,,,,,,,,,,,,,,,,,,,,,,,,,,,,,,,,,,,,,,,,,,,,,,,,,,,,,,,,,,,,,,,,,,,,,,,,,,,,,,,,,,,,,,,,,,,,,,,,,,,,,,,,,,,,,,,,,,,,,,,,,,,,,,,,,,,,,,,,,,,,,,,,,,,,,,,,,,,,,,,,,,,,,,,,,
2023-11-14 21:42:05.140880 +00:00,2023-11-14 21:46:36.904226 +00:00,37,2,1,1,1,1,2,2,2,2,2,3,1,1,2,2,2,3,3,2,2,2,2,2,3,2,2,2,2,4,2,2,2,2,2,3,2,2,2,2,3,3,3,"",2,2,2,3,2,2,2,2,2,3,2,3,2,2,2,2,3,2,2,2,3,4,2,2,2,2,3,2,2,3,2,2,3,2,2,3,2,2,2,3,2,2,2,2,3,2,3,2,,,,,,,,,,,,,,,,,,,,,2,2,3,2,2,2,2,3,2,2,2,2,2,3,3,2,3,2,2,2,3,2,2,2,2,3,2,2,2,2,3,2,2,3,4,3,4,4,3,4,3,4,4,3,4,4,3,3,3,0,0,0,0,0,0,0,0,0,0,0,0,0,0,0,0,0,0,0,0,0,0,0,0,,,,,,,2,2,2,2,2,3,2,7,5,6,5,4,6,3,2,2,3,2,3,3,3,2,2,2,3,2,3,2,3,2,2,3,2,2,3,2,2,2,3,2,2,3,2
2023-11-14 11:07:08.038426 +00:00,2023-11-14 11:22:46.845561 +00:00,35,,,,4,4,4,4,3,4,3,2,3,3,4,4,4,3,3,3,3,,4,3,5,4,5,2,4,2,4,3,2,2,1,3,3,3,1,1,3,3,1,"",5,4,4,4,4,4,4,3,3,5,5,5,5,5,4,4,3,4,3,2,2,3,4,4,4,4,4,4,3,3,4,4,,3,4,4,4,4,4,4,4,4,4,4,4,4,4,4,,,,,,,,,,,,,,,,,,,,,4,4,4,4,4,4,,4,4,3,3,3,3,4,4,4,4,4,4,4,4,4,4,4,4,4,4,4,4,4,3,4,4,2,1,2,1,1,2,1,1,1,1,1,1,1,1,1,1,1,1,1,0,1,0,1,0,1,1,0,1,1,1,,0,1,1,0,0,0,0,1,0,1,2,3,2,2,1,3,1,2,2,2,1,2,6,6,6,5,6,6,6,6,6,6,6,6,7,7,6,6,6,5,4,6,4,5,6,5,5,6,6,5,6,5,6,5,5,5,5,6
2023-11-27 18:39:41.145605 +00:00,2023-11-27 18:48:49.164797 +00:00,56,3,5,5,4,5,4,4,2,4,3,4,4,1,5,4,3,4,5,3,4,3,2,3,5,4,5,5,4,5,3,3,3,3,2,3,3,2,2,2,1,1,2,no,5,3,4,5,5,4,4,5,4,4,4,5,4,4,3,4,5,5,3,4,3,1,3,5,4,4,4,5,4,5,4,3,4,4,3,4,5,4,4,4,4,3,5,5,2,5,4,5,,,,,,,,,,,,,,,,,,,,,1,4,4,3,4,5,2,4,3,2,3,1,5,5,3,4,3,2,,5,5,4,3,3,2,4,4,5,4,3,2,3,4,1,3,,3,4,2,1,1,4,3,3,3,1,2,1,3,1,1,0,1,1,1,0,1,0,0,1,1,0,0,0,1,1,,1,0,0,1,0,1,4,3,4,2,2,4,4,3,3,2,1,4,3,7,5,7,4,5,3,3,2,,4,4,1,5,7,4,6,3,4,5,3,6,4,6,2,4,2,1,1,1,5,1,3,5,3,5,3
2023-11-30 15:54:26.053552 +00:00,2023-11-30 17:25:43.146528 +00:00,15,3,3,5,4,4,3,2,4,2,4,4,1,2,5,4,4,4,4,1,2,4,4,5,5,3,4,4,1,3,4,4,1,1,1,2,1,1,1,2,2,2,2,"",4,4,3,4,2,4,2,1,4,4,2,0,4,3,2,3,2,2,3,2,2,3,2,2,3,2,2,4,4,4,4,4,2,2,2,3,5,5,4,4,2,2,2,4,4,4,4,3,,,,,,,,,,,,,,,,,,,,,2,1,1,3,2,4,1,1,1,1,2,2,2,1,1,0,2,2,1,1,1,1,1,3,3,4,5,1,2,2,3,3,5,2,3,1,1,2,1,1,3,1,1,2,1,4,1,1,2,0,1,0,0,0,0,0,0,0,0,1,0,0,0,0,1,0,0,0,0,0,0,0,0,1,2,2,3,3,2,2,2,3,4,4,3,3,6,3,3,3,6,5,1,2,6,6,5,4,4,3,4,5,5,5,3,5,6,5,4,6,6,2,3,1,2,2,1,2,2,1,1,6
2023-11-14 12:23:00.225752 +00:00,2023-11-14 12:30:00.499788 +00:00,36,2,1,3,3,2,3,2,2,3,2,2,2,1,1,1,3,3,5,3,3,3,2,3,3,3,4,3,4,3,4,3,1,1,1,2,1,3,1,1,1,1,1,"",1,2,2,2,2,2,2,2,2,2,2,2,2,2,,,,,,,,,,,,,,,,,,,,,,,,,,,,,,,,,,,,,,,,,,,,,,,,,,,,,,,,,,,,,,,,,,,,,,,,,,,,,,,,,,,,,,,,,,,,,,,,,,,,,,,,,,,,,,,,,,,,,,,,,,,,,,,,,,,,,,,,,,,,,,,,,,,,,,,,,,,,,,,,,,,,,,,,,,,,,,,,
2023-12-01 21:29:57.963176 +00:00,2024-01-06 14:43:08.561138 +00:00,64,4,4,3,,2,3,3,2,2,2,2,4,4,2,2,2,4,4,2,2,3,3,4,4,4,5,4,2,3,5,2,1,1,1,3,3,3,1,1,1,1,1,"",5,5,0,4,0,0,0,5,5,5,5,5,4,5,4,4,4,4,2,4,1,1,5,3,2,2,1,4,2,2,2,2,5,5,5,3,2,5,5,5,5,4,4,4,4,4,4,4,,,,,,,,,,,,,,,,,,,,,5,5,5,5,5,5,5,5,5,5,5,5,4,4,4,3,3,3,3,3,3,3,3,3,3,3,4,3,3,3,4,4,5,4,1,1,1,1,3,1,2,2,1,1,1,1,1,1,1,1,1,1,1,1,1,1,1,1,1,1,1,1,1,1,1,1,1,1,1,1,1,1,1,3,3,3,3,3,2,2,2,2,2,2,3,3,5,5,6,6,6,6,6,5,5,5,4,4,5,6,5,6,5,6,5,6,6,6,6,6,6,6,6,6,6,6,6,4,4,5,5,5
2024-05-27 22:20:53.715647 +00:00,2024-05-27 22:43:53.675581 +00:00,116,3,3,3,3,4,4,4,4,4,4,4,4,4,3,3,4,4,4,3,3,3,3,3,3,3,4,2,2,5,5,3,1,1,3,3,3,3,3,3,3,1,1,"",4,4,1,1,1,2,2,2,4,4,4,2,2,2,4,3,3,5,5,5,5,5,5,5,5,5,2,2,5,4,4,4,4,4,5,3,3,2,2,2,2,2,3,3,3,3,2,5,,,,,,,,,,,,,,,,,,,,,1,1,1,4,4,4,4,4,4,5,5,5,3,3,4,4,5,4,4,4,4,4,4,4,4,4,4,4,4,5,4,5,5,1,2,2,1,2,1,2,2,2,2,2,2,2,2,2,2,1,1,1,0,0,0,0,0,0,0,0,1,1,1,1,1,1,1,1,1,1,1,1,1,1,1,1,1,1,1,4,4,4,4,1,1,1,7,7,7,6,6,6,7,7,7,5,4,4,6,6,4,6,6,6,7,7,7,5,6,6,4,4,4,4,6,6,6,6,3,3,2,2
2023-11-16 09:59:57.644625 +00:00,2023-11-16 10:51:06.509202 +00:00,38,4,5,3,4,4,5,5,3,3,3,4,4,4,3,3,3,4,5,3,4,3,3,4,4,3,4,2,3,2,4,4,1,3,1,3,3,3,1,1,3,3,1,"",5,3,0,3,5,4,4,5,0,5,5,3,4,3,5,4,4,4,2,1,0,4,4,3,2,1,2,5,3,4,1,5,5,2,5,4,4,3,4,4,4,4,4,4,3,4,2,3,,,,,,,,,,,,,,,,,,,,,4,4,4,4,4,4,4,4,2,4,5,4,4,2,4,2,3,3,3,3,3,3,3,4,4,4,4,2,2,3,4,2,2,2,3,1,2,1,2,2,2,1,2,1,2,3,1,1,2,1,1,1,0,1,0,1,1,0,0,0,0,1,0,1,0,0,1,1,1,1,1,1,1,1,1,1,1,1,2,2,2,2,2,2,2,2,6,5,5,5,5,6,6,6,6,6,4,3,6,3,4,6,5,4,4,6,6,6,6,6,5,7,5,3,3,5,5,5,2,2,2,2
2024-03-06 13:58:00.127718 +00:00,2024-03-06 13:58:00.127757 +00:00,86,,,,,,,,,,,,,,,,,,,,,,,,,,,,,,,,,,,,,,,,,,,,,,,,,,,,,,,,,,,,,,,,,,,,,,,,,,,,,,,,,,,,,,,,,,,,,,,,,,,,,,,,,,,,,,,,,,,,,,,,,,,,,,,,,,,,,,,,,,,,,,,,,,,,,,,,,,,,,,,,,,,,,,,,,,,,,,,,,,,,,,,,,,,,,,,,,,,,,,,,,,,,,,,,,,,,,,,,,,,,,,,,,,,,,,,,,
2023-11-16 18:57:10.237594 +00:00,2023-11-16 19:22:34.078883 +00:00,40,1,1,3,3,2,4,4,4,4,3,3,1,1,3,3,4,3,4,4,3,4,3,4,4,4,4,4,4,2,5,2,1,2,1,3,3,3,1,1,1,1,1,"",4,4,4,4,4,4,3,3,4,4,4,2,4,4,3,4,4,2,4,3,1,3,3,4,4,1,5,4,3,1,3,5,4,4,4,2,4,4,4,4,3,5,5,4,2,4,4,5,,,,,,,,,,,,,,,,,,,,,5,5,5,5,3,5,5,5,5,5,5,5,5,5,5,5,5,5,5,5,5,5,5,5,5,5,2,5,5,4,3,3,2,3,4,2,2,3,3,2,3,2,3,2,1,1,2,2,1,1,1,1,0,1,1,0,1,0,0,1,0,1,0,1,1,0,1,1,0,0,0,1,0,1,1,1,1,1,1,2,1,3,3,3,2,2,7,6,7,7,7,7,7,7,7,7,5,4,7,7,7,5,3,3,3,3,5,7,7,7,7,7,3,3,1,1,6,3,2,1,1,1
2023-11-18 18:28:35.387923 +00:00,2023-11-18 18:51:06.955802 +00:00,43,4,5,4,5,5,5,4,4,5,5,5,3,4,4,5,5,4,5,4,4,3,5,5,5,4,5,5,5,4,5,5,2,3,3,3,3,3,1,2,2,3,3,"",5,0,4,5,5,4,5,0,4,5,5,4,0,5,4,3,4,3,2,4,4,5,5,5,5,5,3,4,3,4,4,4,5,4,5,4,4,4,4,4,3,4,4,4,4,5,5,5,,,,,,,,,,,,,,,,,,,,,4,3,3,3,4,5,4,4,4,4,1,1,1,1,1,1,2,2,2,2,1,2,2,5,5,5,3,3,3,2,4,2,2,2,1,1,1,2,3,1,1,2,1,1,2,1,3,2,1,1,1,1,0,1,0,0,0,1,1,0,0,1,0,1,1,0,0,1,0,0,1,0,0,1,1,1,1,2,1,1,1,1,1,1,1,2,7,7,7,7,7,7,7,7,7,7,7,1,7,7,7,7,7,7,7,7,7,7,7,7,7,7,5,1,1,3,2,3,6,3,6,6
2023-11-27 14:07:44.632437 +00:00,2023-11-27 14:35:51.154290 +00:00,54,2,4,3,4,3,3,3,3,3,3,3,3,3,3,3,3,3,3,3,3,3,3,3,3,3,4,3,3,3,5,3,1,1,1,3,3,3,2,3,2,3,1,No,4,4,4,4,4,2,4,4,0,4,4,0,4,4,3,1,3,4,4,3,3,3,4,4,2,2,2,4,3,2,2,3,4,2,3,2,3,3,4,4,3,2,2,3,3,4,4,3,,,,,,,,,,,,,,,,,,,,,0,1,1,3,1,1,1,1,1,2,2,1,1,2,1,1,1,2,2,1,1,1,2,4,4,3,3,3,3,2,2,1,2,2,1,1,1,1,1,1,1,1,1,1,1,1,1,2,1,1,0,0,0,0,0,0,0,0,0,1,0,0,0,0,1,0,0,1,0,0,0,0,0,3,3,2,3,2,4,2,2,3,2,2,2,2,6,5,5,5,6,6,5,5,7,5,2,3,4,3,3,4,4,4,3,3,4,4,5,5,5,4,3,2,3,3,3,3,2,2,2,3
2023-11-17 07:16:14.089439 +00:00,2023-11-17 14:10:42.915337 +00:00,41,4,2,4,5,3,4,1,1,4,2,4,1,4,4,4,3,4,4,4,5,3,4,5,5,4,5,1,2,4,4,5,1,1,1,3,1,3,3,3,3,1,1,"",5,5,0,5,3,4,5,5,3,4,5,3,2,3,1,0,2,2,3,3,1,3,4,4,4,3,3,4,5,3,2,4,3,2,3,2,3,3,2,3,4,4,4,3,4,4,5,3,,,,,,,,,,,,,,,,,,,,,3,2,1,2,4,3,5,2,2,3,1,4,2,2,1,1,1,1,1,1,1,1,4,5,5,5,4,1,2,3,1,1,4,1,2,1,2,2,1,3,1,1,2,1,1,1,2,3,2,1,0,1,0,0,0,0,0,0,0,0,0,1,0,0,1,1,0,0,0,0,0,0,0,1,3,2,1,2,3,4,3,1,1,1,1,2,5,5,4,6,7,4,2,6,7,6,4,2,4,5,1,3,1,1,2,2,5,4,2,7,1,1,1,1,5,2,1,1,2,1,5,1
2023-11-27 19:10:21.353320 +00:00,2023-11-27 19:21:41.921715 +00:00,57,1,2,3,4,5,1,2,3,4,5,1,2,3,4,5,1,2,3,4,5,1,2,3,4,5,1,5,4,3,2,1,3,2,1,3,1,2,3,1,2,3,2,no,1,5,2,4,3,5,4,3,2,1,5,4,3,2,1,3,5,2,4,1,3,5,1,5,1,4,1,3,5,3,1,5,3,1,3,5,1,3,5,4,3,2,1,5,4,2,4,1,,,,,,,,,,,,,,,,,,,,,5,1,4,2,5,3,1,5,3,2,4,1,3,2,4,3,5,2,5,1,5,2,5,1,5,1,5,1,3,4,1,5,1,4,1,1,3,2,1,3,1,2,1,1,1,1,1,1,1,1,1,1,1,1,1,1,1,1,1,1,1,1,1,1,1,1,1,1,1,1,1,1,1,3,1,2,4,1,3,2,4,2,4,1,2,3,3,6,2,4,5,1,7,3,6,3,7,7,2,7,1,5,5,7,1,6,2,7,2,7,2,5,3,2,6,3,7,5,1,4,2,6
2023-11-16 10:55:45.057238 +00:00,2023-11-16 11:15:38.029744 +00:00,39,4,4,3,5,3,4,3,3,4,4,4,3,4,4,4,4,4,3,4,4,4,4,4,4,4,4,3,4,2,2,3,2,1,2,3,3,2,1,2,1,3,1,"",4,4,4,4,3,2,4,4,2,4,4,4,3,4,3,2,2,4,2,4,4,4,4,4,4,2,3,3,3,3,4,3,5,4,2,2,3,2,3,3,3,3,4,3,4,4,4,3,,,,,,,,,,,,,,,,,,,,,2,2,2,2,1,1,1,2,2,1,5,5,5,5,5,3,5,5,4,3,3,3,5,4,3,4,4,4,4,4,5,1,3,2,1,2,3,2,1,1,1,1,1,1,1,2,1,2,2,0,1,0,0,0,0,1,0,0,0,0,0,1,0,0,0,1,0,0,0,0,0,0,0,2,1,2,1,1,3,4,2,4,3,2,2,2,6,6,6,4,5,5,5,5,6,7,4,1,4,4,4,6,5,5,5,5,6,5,6,7,2,3,2,1,1,1,1,1,1,1,1,1
2023-11-21 20:11:59.876718 +00:00,2023-11-21 20:21:58.713807 +00:00,45,3,2,3,4,2,4,4,3,1,3,3,3,2,,,,,,,,,,,,,,,,,,,,,,,,,,,,,,,,,,,,,,,,,,,,,,,,,,,,,,,,,,,,,,,,,,,,,,,,,,,,,,,,,,,,,,,,,,,,,,,,,,,,,,,,,,,,,,,,,,,,,,,,,,,,,,,,,,,,,,,,,,,,,,,,,,,,,,,,,,,,,,,,,,,,,,,,,,,,,,,,,,,,,,,,,,,,,,,,,,,,,,,,,,,,,,,,,,,,,,,,,,,,
2023-11-22 08:43:23.829711 +00:00,2023-12-19 10:00:48.085770 +00:00,46,,,,,,,,,,,,,,,,,,,,,,,,,,,,,,,,,,,,,,,,,,,"",,,,,,,,,,,,,,,,,,,,,,,,,,,,,,,,,,,,,,,,,,,,,,,,,,,,,,,,,,,,,,,,,,,,,,,,,,,,,,,,,,,,,,,,,,,,,,,,,,,,,,,,,,,,,,,,,,,,,,,,,,,,,,,,,,,,,,,,,,,,,,,,,,,,,,,,,,,,,,,,,,,,,,,,,,,,,,,,,,,,,,,,,,,,,,
2024-05-28 12:51:22.404233 +00:00,2024-05-28 12:51:22.404275 +00:00,117,,,,,,,,,,,,,,,,,,,,,,,,,,,,,,,,,,,,,,,,,,,,,,,,,,,,,,,,,,,,,,,,,,,,,,,,,,,,,,,,,,,,,,,,,,,,,,,,,,,,,,,,,,,,,,,,,,,,,,,,,,,,,,,,,,,,,,,,,,,,,,,,,,,,,,,,,,,,,,,,,,,,,,,,,,,,,,,,,,,,,,,,,,,,,,,,,,,,,,,,,,,,,,,,,,,,,,,,,,,,,,,,,,,,,,,,,
2024-05-28 15:40:30.487249 +00:00,2024-05-28 15:58:25.984416 +00:00,118,1,1,2,5,5,4,5,5,5,4,3,3,2,5,3,5,5,5,5,5,5,5,4,5,5,5,2,5,3,4,3,1,1,3,3,3,3,1,1,3,3,1,"",4,4,3,4,4,4,3,1,4,4,4,4,4,4,3,1,3,4,4,4,3,4,3,3,2,3,4,4,3,3,4,4,3,4,4,4,5,5,4,3,3,3,4,4,3,3,3,3,,,,,,,,,,,,,,,,,,,,,4,4,4,2,3,2,4,2,4,3,2,4,4,2,,4,4,4,4,4,4,5,5,4,3,4,4,3,3,4,4,5,4,2,1,2,3,2,2,2,2,2,2,1,2,1,3,2,2,1,1,1,0,0,0,1,1,0,0,1,1,1,0,1,1,1,0,1,1,0,0,1,0,2,2,1,2,1,1,1,2,2,2,2,2,2,7,7,6,4,4,6,7,6,7,7,2,3,7,7,6,6,6,5,5,5,5,6,6,7,6,5,5,4,2,2,1,1,1,1,1,1
2023-11-23 15:16:05.804481 +00:00,2023-11-23 16:15:39.816631 +00:00,47,2,2,1,4,3,3,5,3,4,3,2,4,4,2,2,3,3,5,3,4,2,4,2,4,5,4,2,1,3,4,4,1,1,1,2,2,3,1,1,1,3,1,no,5,0,5,4,4,0,4,0,0,3,0,0,3,4,2,1,1,2,2,1,0,3,2,5,3,2,3,1,3,4,4,5,1,1,5,4,4,4,3,3,4,3,4,2,4,5,4,5,,,,,,,,,,,,,,,,,,,,,3,4,5,4,4,4,5,4,2,4,5,5,5,5,5,0,2,2,2,1,5,5,4,5,5,5,5,4,3,3,3,3,3,3,1,1,3,2,2,2,1,2,2,2,1,2,2,2,1,1,1,1,0,1,0,0,0,0,0,0,1,1,0,1,1,1,0,1,1,0,0,1,0,1,2,1,1,2,1,1,2,2,2,3,2,3,5,6,5,4,6,6,5,6,7,7,3,3,3,2,2,2,3,3,4,4,5,6,6,6,7,4,4,3,5,3,3,2,1,1,1,1
2024-03-07 11:21:55.417187 +00:00,2024-03-07 11:21:55.417216 +00:00,87,,,,,,,,,,,,,,,,,,,,,,,,,,,,,,,,,,,,,,,,,,,,,,,,,,,,,,,,,,,,,,,,,,,,,,,,,,,,,,,,,,,,,,,,,,,,,,,,,,,,,,,,,,,,,,,,,,,,,,,,,,,,,,,,,,,,,,,,,,,,,,,,,,,,,,,,,,,,,,,,,,,,,,,,,,,,,,,,,,,,,,,,,,,,,,,,,,,,,,,,,,,,,,,,,,,,,,,,,,,,,,,,,,,,,,,,,
2024-05-09 11:04:06.795206 +00:00,2024-05-09 11:51:10.439860 +00:00,101,3,3,1,3,3,4,3,3,4,3,4,3,3,4,4,4,4,4,4,4,4,4,4,3,3,4,3,4,3,4,4,2,1,1,3,3,2,1,1,1,3,1,"",3,2,2,2,1,2,4,3,1,1,0,0,0,2,2,1,1,2,2,1,1,4,3,3,3,1,1,2,3,3,2,4,3,2,3,3,2,2,3,3,4,3,4,4,3,4,4,4,,,,,,,,,,,,,,,,,,,,,2,3,1,4,1,0,1,1,1,3,1,2,1,1,1,1,1,1,1,1,1,1,1,4,5,5,5,4,4,1,2,2,2,1,1,1,1,1,1,1,1,1,1,1,1,1,1,2,1,0,1,0,0,0,1,0,0,0,0,1,0,0,0,0,0,0,0,0,0,1,0,1,0,2,2,3,2,2,2,2,2,2,2,3,2,2,4,4,3,3,6,4,6,6,6,7,4,4,6,6,6,6,6,6,4,4,4,4,4,4,4,4,4,4,2,3,2,2,2,2,2,3
2023-11-26 13:00:20.499818 +00:00,2023-11-26 13:23:38.034357 +00:00,53,3,3,4,3,3,3,3,3,3,3,3,3,3,3,3,3,3,3,3,3,3,3,3,3,3,3,3,3,2,3,3,1,1,1,1,1,3,1,1,3,3,1,no,3,3,3,3,3,3,3,3,3,3,3,3,3,3,3,2,3,3,3,3,3,3,3,3,3,3,3,3,3,3,3,3,3,3,3,3,3,3,5,5,5,5,5,5,5,4,5,1,,,,,,,,,,,,,,,,,,,,,1,1,1,1,1,1,1,1,1,1,1,1,1,1,1,1,1,1,1,1,1,1,1,1,1,1,1,1,1,1,1,1,1,1,1,1,1,2,1,1,3,1,2,1,2,1,1,2,2,1,1,1,0,0,0,0,0,1,0,0,0,0,0,0,1,0,0,0,0,0,0,1,0,3,3,3,3,3,3,3,3,3,3,3,3,3,3,3,3,3,4,3,4,2,3,4,3,4,3,4,3,3,3,4,,3,3,4,3,4,4,4,4,4,4,4,4,4,4,4,4,4
2023-11-30 13:16:09.640443 +00:00,2023-12-06 22:30:17.810616 +00:00,61,2,1,2,4,3,5,3,4,1,3,4,3,1,1,2,1,4,2,4,5,4,1,4,5,5,5,3,5,2,3,4,1,1,1,3,3,3,1,1,2,3,1,no,5,4,0,4,3,3,4,1,0,4,0,0,0,5,2,1,1,3,4,1,4,5,4,5,1,1,4,1,3,4,2,5,4,3,4,3,2,4,4,3,4,1,3,4,3,5,3,2,,,,,,,,,,,,,,,,,,,,,4,3,1,3,3,1,4,4,4,4,2,4,2,4,2,3,2,2,2,2,2,2,4,5,4,4,5,3,3,2,2,1,5,2,3,2,1,2,2,3,3,2,2,2,3,1,1,2,1,1,1,1,1,1,0,1,0,1,0,1,0,0,1,1,1,1,1,1,0,0,1,0,1,3,4,4,4,3,3,2,3,2,2,3,3,2,5,3,2,1,2,6,7,7,3,5,3,5,3,3,5,4,3,3,2,4,5,5,5,6,3,4,4,3,1,1,1,1,1,1,2,3
2023-11-25 19:52:08.647597 +00:00,2023-11-25 22:59:32.553060 +00:00,50,2,1,2,4,3,4,3,3,5,5,5,1,2,4,5,3,4,3,3,3,5,2,4,5,4,4,4,1,3,5,2,1,1,1,1,1,3,1,2,3,1,1,Rainforest alliance,5,5,5,5,4,5,5,4,5,5,3,5,5,5,4,4,5,4,3,2,1,4,3,4,4,2,4,3,3,3,3,4,5,1,2,3,4,2,4,4,4,4,4,3,4,4,4,4,,,,,,,,,,,,,,,,,,,,,3,4,2,3,2,3,3,3,3,3,4,4,4,4,4,4,2,2,4,2,4,4,4,4,2,4,3,4,3,4,2,3,2,2,2,1,2,2,1,2,2,4,2,1,1,2,2,2,1,1,0,1,1,0,0,0,0,0,1,0,0,1,1,0,1,1,0,1,0,0,0,1,0,2,2,2,3,3,3,3,3,3,2,1,1,2,7,5,5,6,4,5,4,4,7,7,6,7,6,7,6,6,3,4,5,3,6,5,5,5,5,4,2,4,4,4,4,4,5,4,4,2
2023-11-26 10:36:12.549248 +00:00,2023-11-26 11:01:52.945647 +00:00,52,1,1,2,3,3,3,3,2,3,3,3,3,3,3,3,3,3,4,3,4,4,4,4,4,4,4,3,4,2,4,4,1,2,2,3,2,3,2,1,1,3,1,"",4,4,2,4,3,4,4,4,2,4,4,2,4,4,4,4,4,3,3,4,2,4,5,5,3,2,5,5,4,5,5,5,4,5,4,3,5,4,4,4,4,5,5,4,5,3,3,5,,,,,,,,,,,,,,,,,,,,,2,3,2,3,3,2,4,4,4,4,5,5,,5,3,3,2,2,2,1,2,2,2,5,5,5,5,5,4,5,5,4,4,2,3,2,2,2,2,2,3,2,2,2,2,2,2,3,2,1,1,1,0,1,0,0,0,0,1,1,0,1,1,1,0,0,0,1,0,1,1,1,0,1,1,2,1,1,1,1,1,1,1,1,1,1,5,5,5,4,5,5,5,5,4,5,5,2,4,7,6,5,6,6,6,4,5,6,6,5,7,4,4,5,6,4,6,6,6,6,5,6
2023-11-29 20:30:35.834109 +00:00,2023-11-29 20:52:33.595564 +00:00,60,3,4,4,4,2,4,4,3,3,3,3,3,3,3,3,4,3,4,4,4,4,4,3,3,4,4,,,,,,,,,,,,,,,,,,,,,,,,,,,,,,,,,,,,,,,,,,,,,,,,,,,,,,,,,,,,,,,,,,,,,,,,,,,,,,,,,,,,,,,,,,,,,,,,,,,,,,,,,,,,,,,,,,,,,,,,,,,,,,,,,,,,,,,,,,,,,,,,,,,,,,,,,,,,,,,,,,,,,,,,,,,,,,,,,,,,,,,,,,,,,,,,,,,,,,,,,,,,,,,
2023-11-28 20:32:45.984956 +00:00,2023-11-29 17:58:58.679946 +00:00,58,,,,,,,,,,,,,,,,,,,,,,,,,,,,,,,,,,,,,,,,,,,"",,,,,,,,,,,,,,,,,,,,,,,,,,,,,,,,,,,,,,,,,,,,,,,,,,,,,,,,,,,,,,,,,,,,,,,,,,,,,,,,,,,,,,,,,,,,,,,,,,,,,,,,,,,,,,,,,,,,,,,,,,,,,,,,,,,,,,,,,,,,,,,,,,,,,,,,,,,,,,,,,,,,,,,,,,,,,,,,,,,,,,,,,,,,,,
2023-11-26 06:48:01.796109 +00:00,2024-01-04 12:46:44.728303 +00:00,51,2,2,2,1,2,2,1,3,3,1,1,2,3,2,2,1,1,1,2,3,1,3,1,4,2,5,2,4,3,5,1,1,1,1,2,1,3,1,1,2,2,1,no,3,4,4,4,4,2,5,4,2,4,4,1,4,4,4,3,3,1,2,1,1,3,1,4,1,1,5,4,4,4,4,4,5,4,3,3,4,3,3,3,2,2,4,3,4,3,2,5,,,,,,,,,,,,,,,,,,,,,0,2,2,1,3,1,1,4,4,3,1,2,2,1,1,1,1,1,1,1,1,1,3,5,5,5,5,3,3,3,4,1,5,1,1,2,2,2,1,1,2,1,2,2,1,1,1,2,1,1,0,1,0,0,0,0,0,1,0,0,0,1,1,0,1,1,0,1,0,1,1,0,1,1,1,1,1,1,2,2,2,,1,1,1,1,7,6,7,7,7,7,4,6,7,7,2,5,2,3,2,2,1,2,2,1,4,4,4,4,3,2,3,2,2,2,2,3,2,2,3,2
2023-12-02 18:36:59.515591 +00:00,2023-12-02 18:58:17.719421 +00:00,65,2,1,3,4,4,4,4,3,3,3,2,3,4,4,3,4,3,4,4,3,3,4,4,4,5,5,3,4,3,5,4,1,2,1,3,3,3,1,1,3,3,1,"",4,3,4,4,2,4,4,3,1,5,4,4,3,4,3,2,2,2,3,4,2,4,4,3,3,2,2,3,2,3,1,4,5,4,4,3,4,4,4,4,3,4,4,3,3,4,3,5,,,,,,,,,,,,,,,,,,,,,3,3,3,4,3,4,3,3,3,3,3,3,3,2,3,2,3,3,3,2,3,2,3,2,3,3,3,3,3,3,3,2,3,2,1,1,3,2,2,2,2,2,1,2,,3,2,3,2,1,1,0,0,0,0,1,0,1,0,0,1,0,1,0,1,1,1,1,1,0,1,1,1,1,3,1,1,2,2,2,2,3,2,2,1,2,5,4,4,4,3,4,5,,4,4,3,3,4,5,4,4,4,4,4,4,4,4,5,5,3,4,4,4,3,3,3,3,4,4,3,4
2023-12-02 22:25:18.292016 +00:00,2023-12-02 23:22:11.942170 +00:00,67,3,4,3,5,2,5,4,3,3,4,5,1,2,4,4,5,5,3,1,5,5,3,5,5,5,5,2,5,3,4,5,1,1,1,3,2,3,1,1,1,1,1,"",4,0,1,5,0,4,4,0,0,5,5,1,1,5,3,2,1,3,3,1,0,4,3,4,3,1,2,1,3,4,3,5,5,4,4,4,4,3,3,4,3,2,5,4,5,3,4,3,,,,,,,,,,,,,,,,,,,,,4,4,4,3,4,5,4,4,4,5,1,5,3,0,0,0,1,1,1,1,1,1,5,5,4,4,3,2,4,2,3,3,1,3,4,2,1,4,2,3,3,3,2,3,1,1,2,2,2,0,1,1,0,0,0,0,0,1,0,1,0,1,0,0,0,1,0,1,0,0,1,1,0,2,2,3,2,2,2,1,2,3,4,3,3,4,7,7,7,7,5,6,5,7,7,5,4,4,4,7,4,5,5,5,5,5,5,5,7,7,7,3,1,1,1,1,1,1,1,1,4,4
2023-11-11 14:52:34.073724 +00:00,2023-12-06 10:34:59.665548 +00:00,19,3,2,2,3,2,3,3,2,2,1,2,1,3,2,2,3,4,4,3,3,3,3,2,3,2,5,3,3,4,4,4,1,1,1,2,2,2,1,1,3,3,1,No,4,4,4,4,3,2,4,0,0,4,3,2,4,4,2,2,2,2,3,2,2,3,3,4,2,4,4,3,3,3,3,3,2,4,4,4,4,4,3,3,4,4,3,3,2,3,2,3,,,,,,,,,,,,,,,,,,,,,4,2,2,4,2,4,1,2,1,3,2,0,0,0,0,0,2,3,3,0,0,0,3,3,3,3,4,3,2,3,2,3,3,2,3,2,2,1,3,2,2,1,2,1,1,1,2,2,1,0,1,0,0,1,1,1,0,0,0,,0,,0,1,,1,,1,,0,0,0,0,2,2,2,1,2,2,3,2,3,2,2,2,3,5,5,5,4,5,5,6,6,4,6,3,3,3,5,5,6,6,5,6,6,7,6,6,7,4,2,5,3,3,3,2,2,3,2,1,2
2023-11-21 13:09:13.004618 +00:00,2023-12-03 12:21:58.907570 +00:00,44,2,2,3,5,5,5,5,4,4,4,3,2,3,3,3,4,4,4,4,4,3,3,4,5,5,5,4,3,3,4,1,1,1,1,1,1,3,2,1,3,1,1,"",4,5,4,4,5,4,4,4,5,5,4,3,4,4,4,3,3,3,5,5,5,4,5,5,4,4,3,4,4,3,3,4,4,4,3,4,3,4,4,4,3,5,,3,4,5,,5,,,,,,,,,,,,,,,,,,,,,4,4,2,4,2,4,3,4,4,4,3,4,4,4,4,0,4,4,4,2,4,4,4,4,4,3,2,3,2,2,2,1,3,1,1,1,2,1,1,1,2,1,1,1,1,1,1,2,1,1,1,0,0,0,0,1,0,0,0,1,0,0,0,0,1,1,0,1,0,0,1,0,0,4,4,4,4,3,3,2,2,2,1,4,4,3,7,5,6,6,6,6,5,7,7,7,1,2,7,7,7,7,6,7,6,6,7,7,7,7,3,2,3,1,1,1,1,1,1,1,1,1
2023-12-03 11:40:04.279138 +00:00,2023-12-03 13:55:15.220924 +00:00,68,3,3,4,5,5,4,4,4,5,4,5,5,3,4,4,4,5,3,3,,4,3,4,4,4,4,5,3,4,4,3,2,2,1,3,2,1,3,1,1,1,1,No,5,5,5,5,5,5,2,2,4,5,4,4,3,5,5,2,4,3,3,4,3,4,4,4,4,4,3,4,3,3,4,5,5,5,4,4,4,4,5,5,4,1,4,4,5,4,5,4,,,,,,,,,,,,,,,,,,,,,4,4,4,3,3,4,4,3,3,3,1,2,2,2,1,1,1,1,1,1,,1,1,3,3,4,3,3,3,3,3,3,3,1,1,1,2,,2,,3,,2,1,2,3,2,2,1,1,1,1,0,1,1,1,0,1,0,1,0,1,0,1,1,1,0,1,0,0,1,1,0,1,1,1,1,1,1,1,1,1,2,1,2,3,7,7,7,7,7,7,7,7,7,7,4,1,7,6,7,7,6,5,7,7,7,7,7,7,7,7,7,7,7,7,7,7,4,1,1,1
2023-12-03 16:25:28.483850 +00:00,2023-12-03 16:37:42.188008 +00:00,69,2,3,2,3,4,3,3,3,2,2,3,4,5,4,4,3,3,3,2,2,5,5,5,3,4,2,4,4,4,4,2,2,2,,2,,3,1,1,,3,2,"",3,3,2,4,4,4,3,3,4,4,4,3,3,4,5,3,3,4,3,4,4,5,3,5,3,3,3,2,3,3,4,4,4,3,3,4,4,4,4,2,3,3,3,,,2,4,3,,,,,,,,,,,,,,,,,,,,,5,4,3,3,4,3,4,5,4,3,3,3,3,3,3,3,3,4,4,4,,,,,,,,,,,,1,4,2,2,4,1,,,3,2,1,3,3,1,4,,3,2,1,0,1,0,1,1,1,0,1,1,1,0,1,1,1,0,0,0,1,0,1,0,1,0,2,,3,3,3,2,4,3,2,2,2,3,3,6,5,4,4,4,6,5,4,3,4,4,5,5,6,4,4,4,4,4,4,4,3,5,4,4,5,4,3,4,4,5,3,,4,4,5
2023-12-02 21:16:27.861022 +00:00,2023-12-02 21:24:12.770338 +00:00,66,3,3,3,3,4,5,4,4,4,4,4,4,4,3,4,3,3,4,4,4,4,4,4,3,3,3,4,4,4,4,4,1,1,1,1,1,3,2,1,2,3,2,"",4,4,3,4,3,3,3,3,3,3,3,3,3,3,3,3,3,3,3,3,3,3,3,3,3,3,3,3,3,3,3,4,3,3,3,3,3,3,3,3,3,3,3,3,3,3,3,3,,,,,,,,,,,,,,,,,,,,,3,3,3,3,3,3,3,3,3,3,4,3,4,2,4,4,4,4,4,4,4,4,3,2,3,3,3,3,3,3,3,3,4,1,1,1,1,1,1,3,3,2,1,3,1,1,1,3,1,1,1,1,1,1,1,1,0,0,0,0,0,0,0,0,0,0,0,0,0,0,1,1,1,3,3,3,3,2,2,2,2,2,2,2,2,2,5,5,5,5,5,5,5,5,5,6,5,6,6,6,6,6,6,6,6,6,6,6,6,6,6,7,6,6,6,6,6,6,6,7,6,6
2023-12-03 20:19:41.858519 +00:00,2023-12-03 22:08:12.236418 +00:00,70,3,4,3,4,2,4,4,3,3,1,2,1,3,3,2,4,4,3,3,4,2,4,3,5,4,5,4,4,4,5,5,2,1,1,3,3,3,1,1,2,3,1,"",3,2,2,4,4,0,3,2,4,4,3,3,0,4,3,2,2,1,0,1,0,4,4,5,5,4,4,4,3,3,1,1,4,4,4,4,4,1,3,3,4,4,4,,3,3,4,3,,,,,,,,,,,,,,,,,,,,,5,5,3,3,3,4,2,,3,,4,2,4,3,4,2,4,4,2,3,3,3,4,2,4,4,2,2,4,4,4,,5,3,1,1,2,2,1,1,1,1,2,1,1,1,2,1,1,1,1,0,0,0,0,0,0,1,1,1,0,1,0,1,1,0,0,0,0,1,0,1,0,1,1,1,1,1,2,2,1,2,3,1,2,3,7,5,7,7,7,6,7,7,5,7,4,6,5,3,3,6,5,5,5,5,5,5,7,7,2,4,4,4,2,6,2,4,5,5,3,3
2023-12-04 06:07:49.629412 +00:00,2023-12-04 06:37:06.901756 +00:00,71,2,1,2,5,2,3,4,2,4,3,5,1,1,5,4,4,4,3,4,3,5,4,5,5,5,5,3,2,3,4,4,1,1,1,3,3,2,1,1,1,3,1,"",3,0,0,0,2,3,3,3,0,4,5,4,4,4,1,0,1,4,3,4,3,4,4,4,2,1,2,2,2,4,3,4,5,4,4,2,2,2,2,3,2,2,4,2,2,3,3,2,,,,,,,,,,,,,,,,,,,,,0,2,2,3,2,0,3,1,1,1,1,1,1,1,1,1,1,1,1,1,1,1,2,4,2,4,2,2,2,2,4,1,4,1,1,1,1,1,1,1,1,1,1,1,1,1,1,1,1,0,1,0,0,0,0,0,0,0,0,0,0,1,0,0,0,0,0,1,0,0,0,1,0,1,1,1,2,1,3,3,2,2,2,3,2,3,7,7,7,5,6,7,6,5,6,6,1,5,3,4,3,2,5,5,2,5,4,3,5,6,2,4,3,5,3,3,2,1,2,1,1,2
2023-11-24 20:44:09.089988 +00:00,2023-12-07 10:43:50.897700 +00:00,49,4,4,4,5,4,5,5,5,4,4,3,4,3,4,4,4,4,4,3,3,3,3,3,3,3,5,2,2,4,5,4,3,3,3,3,1,2,3,2,2,3,3,no,4,4,3,4,5,5,5,5,4,5,5,4,5,5,5,4,5,4,5,4,5,4,5,4,5,4,5,4,5,4,5,4,5,4,5,4,4,4,5,4,4,4,4,4,4,5,4,5,,,,,,,,,,,,,,,,,,,,,5,4,5,5,4,5,5,4,5,5,4,4,4,5,5,4,4,5,5,5,5,4,4,4,5,5,5,4,4,5,5,4,4,1,2,1,1,1,1,1,1,2,1,1,2,1,2,1,1,0,1,1,1,1,1,0,1,1,1,0,1,1,1,1,0,1,1,1,1,1,0,1,1,4,3,4,4,4,4,4,3,4,3,4,4,3,7,6,7,7,6,6,7,7,7,7,7,7,6,7,6,6,6,6,7,7,6,6,6,6,7,6,6,6,7,7,7,7,7,6,7,7
2023-12-05 14:06:42.868586 +00:00,2023-12-05 14:26:11.956069 +00:00,73,4,4,5,4,5,4,3,4,3,5,5,4,3,4,5,3,4,5,3,3,2,3,5,3,4,5,4,5,4,3,5,2,3,3,3,2,3,1,2,2,3,3,"",3,2,3,4,3,3,3,2,3,4,3,3,4,3,4,3,2,4,3,3,2,3,1,2,3,4,4,2,2,3,2,3,4,3,3,3,2,3,3,3,2,3,3,3,3,4,4,4,,,,,,,,,,,,,,,,,,,,,3,3,3,2,3,3,2,1,2,3,1,2,2,2,1,1,1,2,2,2,1,2,2,4,3,4,3,3,3,3,4,3,3,2,2,1,1,3,3,3,2,2,2,2,1,1,2,2,1,1,1,1,0,1,0,0,1,0,1,0,0,0,0,1,1,1,1,1,1,0,1,1,1,3,4,4,4,3,2,3,2,3,3,4,3,2,5,4,5,3,3,4,5,5,5,4,2,1,3,4,4,3,4,2,3,3,4,5,5,4,5,2,3,2,4,4,3,3,4,2,3,3
2023-11-23 15:16:16.683945 +00:00,2023-12-04 23:54:27.674327 +00:00,48,1,2,1,4,2,4,3,4,2,3,2,2,2,2,2,3,3,5,1,3,5,1,5,5,5,5,3,1,4,5,4,1,1,1,2,2,2,1,1,1,2,1,no,4,2,0,3,4,3,5,5,2,5,0,0,3,4,2,1,2,3,4,3,2,3,3,4,4,3,4,1,4,4,3,2,3,3,1,1,3,3,4,3,4,2,4,3,4,2,2,1,,,,,,,,,,,,,,,,,,,,,0,1,1,1,1,1,1,1,1,1,1,1,1,1,1,1,1,1,1,1,1,1,2,3,3,3,3,3,3,2,1,2,2,3,1,1,1,1,1,1,1,,1,1,1,4,1,1,1,1,1,1,1,1,0,1,0,1,0,0,0,1,1,1,0,0,0,1,1,0,0,1,0,2,2,2,1,3,2,2,3,3,4,3,3,2,7,6,6,6,6,7,7,6,6,6,3,3,4,4,4,4,1,1,1,1,4,4,6,6,6,3,,3,5,5,4,4,3,3,2,3
2023-12-05 10:23:51.505689 +00:00,2023-12-05 10:42:49.735716 +00:00,72,4,2,3,3,3,3,3,3,3,3,3,3,3,3,3,3,3,3,3,3,3,3,,3,4,4,1,1,2,2,1,1,1,1,1,1,1,1,1,2,1,1,"",3,3,4,4,4,4,4,4,3,4,4,4,4,4,2,2,2,2,2,2,0,2,2,3,3,4,3,3,3,3,3,3,3,3,3,3,3,3,4,4,4,4,4,4,4,3,2,2,,,,,,,,,,,,,,,,,,,,,3,3,3,3,3,3,3,3,3,3,3,3,0,0,0,0,3,3,3,0,0,0,0,3,3,3,3,3,3,3,3,3,3,1,1,1,1,1,1,1,1,1,1,1,1,1,1,1,1,0,0,0,0,0,0,0,0,0,0,0,,0,0,0,0,0,0,0,0,0,0,0,0,2,2,2,2,2,2,3,2,3,3,3,3,3,5,5,4,4,5,4,,4,4,4,2,5,4,4,4,4,4,4,4,4,4,4,4,4,4,4,4,4,4,4,4,4,4,4,4,4
2024-05-19 13:48:22.653043 +00:00,2024-05-19 14:25:35.957558 +00:00,102,3,4,4,5,4,5,4,4,4,4,4,3,2,5,4,4,4,4,3,4,4,5,3,5,3,4,5,4,5,5,5,1,1,2,3,3,3,1,1,2,3,1,"",5,4,3,3,4,5,5,3,5,5,4,5,3,5,4,3,4,5,5,3,4,3,4,3,3,3,2,4,4,4,4,4,4,3,5,4,4,4,5,4,4,3,4,4,4,5,5,5,,,,,,,,,,,,,,,,,,,,,3,4,3,4,3,3,5,3,2,3,,3,3,4,2,2,2,1,1,1,1,1,1,3,4,5,4,3,2,3,3,4,4,2,1,4,3,3,2,2,4,4,3,2,2,3,3,3,3,0,1,1,0,1,1,1,0,0,1,1,1,1,1,1,1,1,1,1,1,1,0,1,1,4,4,4,4,4,4,4,4,3,3,4,4,4,7,7,7,7,7,7,7,7,7,7,1,2,6,6,4,5,5,4,4,4,5,4,5,6,2,3,2,1,4,1,4,6,5,5,4,5
2024-05-22 10:03:41.418438 +00:00,2024-05-22 10:10:36.331580 +00:00,105,3,4,4,5,5,5,5,3,4,5,5,5,4,4,5,4,5,4,3,3,3,4,4,4,4,4,4,4,4,4,4,1,1,1,3,3,3,2,2,2,3,2,"",3,4,4,3,4,3,4,4,4,3,2,4,5,4,4,5,5,4,3,5,3,4,3,5,3,5,3,4,3,4,3,4,5,4,5,5,4,5,5,4,5,1,4,3,4,4,5,5,,,,,,,,,,,,,,,,,,,,,5,4,5,3,4,4,3,4,5,4,4,4,4,3,5,3,5,3,5,3,5,5,2,5,5,5,4,5,3,5,3,5,5,1,1,1,1,1,1,1,1,1,1,1,1,1,1,1,1,1,1,1,0,1,1,1,0,0,1,0,0,0,0,0,1,1,1,1,1,1,1,0,0,1,1,1,1,2,1,2,1,2,1,2,1,1,7,6,6,5,7,5,5,7,7,6,7,4,7,7,7,7,7,7,7,7,7,7,7,6,6,6,7,5,6,4,6,6,7,5,6,7
2024-06-04 09:53:58.628269 +00:00,2024-06-04 09:53:58.628305 +00:00,125,,,,,,,,,,,,,,,,,,,,,,,,,,,,,,,,,,,,,,,,,,,,,,,,,,,,,,,,,,,,,,,,,,,,,,,,,,,,,,,,,,,,,,,,,,,,,,,,,,,,,,,,,,,,,,,,,,,,,,,,,,,,,,,,,,,,,,,,,,,,,,,,,,,,,,,,,,,,,,,,,,,,,,,,,,,,,,,,,,,,,,,,,,,,,,,,,,,,,,,,,,,,,,,,,,,,,,,,,,,,,,,,,,,,,,,,,
2023-12-21 08:15:50.508974 +00:00,2023-12-21 08:15:50.509017 +00:00,75,,,,,,,,,,,,,,,,,,,,,,,,,,,,,,,,,,,,,,,,,,,,,,,,,,,,,,,,,,,,,,,,,,,,,,,,,,,,,,,,,,,,,,,,,,,,,,,,,,,,,,,,,,,,,,,,,,,,,,,,,,,,,,,,,,,,,,,,,,,,,,,,,,,,,,,,,,,,,,,,,,,,,,,,,,,,,,,,,,,,,,,,,,,,,,,,,,,,,,,,,,,,,,,,,,,,,,,,,,,,,,,,,,,,,,,,,
2024-05-19 15:31:40.449105 +00:00,2024-05-19 15:52:12.969012 +00:00,103,2,2,3,5,4,5,5,5,5,4,4,4,4,4,3,4,4,5,5,5,3,3,4,5,4,4,3,4,3,4,4,1,1,2,2,2,2,2,2,2,2,1,"",3,3,2,3,1,2,4,0,3,3,3,2,3,2,3,1,2,3,3,4,1,4,4,4,4,2,3,5,1,2,1,5,5,5,5,3,5,4,4,3,2,3,5,3,4,5,5,5,,,,,,,,,,,,,,,,,,,,,4,1,1,4,1,1,1,1,1,3,1,4,2,2,2,2,1,1,1,1,1,1,1,5,5,5,5,4,4,2,5,1,1,1,1,1,1,1,1,1,1,1,1,1,1,1,1,1,1,1,1,1,0,0,0,0,0,0,0,0,0,1,0,0,0,1,0,0,0,0,0,1,0,1,1,1,1,1,1,2,2,2,1,2,2,2,7,7,7,6,7,7,7,7,7,7,6,4,7,7,7,7,5,6,6,6,7,7,7,7,7,4,2,2,3,2,2,2,,2,2,2
2024-05-23 14:58:55.674947 +00:00,2024-05-23 15:11:07.453021 +00:00,107,5,5,5,5,5,5,4,5,4,3,3,5,4,4,5,5,5,4,3,4,4,4,4,4,5,5,5,5,5,5,5,1,2,3,3,3,3,2,3,3,3,3,"",4,5,5,5,4,5,5,5,5,5,4,4,4,4,5,5,4,5,5,5,5,5,5,5,5,3,5,5,5,5,4,4,4,3,5,4,5,4,5,5,5,5,5,5,5,5,5,5,,,,,,,,,,,,,,,,,,,,,3,4,5,5,5,5,4,5,4,5,4,4,4,5,5,4,3,4,4,3,5,5,4,3,4,5,3,3,4,4,4,4,5,2,2,3,3,4,3,3,2,1,2,3,2,1,2,2,2,1,1,1,0,1,1,1,1,1,1,1,1,1,0,1,1,0,1,0,1,1,1,1,1,1,2,1,1,1,1,1,1,1,2,2,2,1,7,6,7,6,5,7,6,6,7,4,6,5,6,4,6,5,6,6,4,6,6,6,5,5,5,5,7,4,6,5,6,4,5,6,5,6
2024-01-10 19:37:16.476218 +00:00,2024-01-16 21:56:38.502015 +00:00,76,,,,,,,,,,,,,,,,,,,,,,,,,,,,,,,,,,,,,,,,,,,"",,,,,,,,,,,,,,,,,,,,,,,,,,,,,,,,,,,,,,,,,,,,,,,,,,,,,,,,,,,,,,,,,,,,,,,,,,,,,,,,,,,,,,,,,,,,,,,,,,,,,,,,,,,,,,,,,,,,,,,,,,,,,,,,,,,,,,,,,,,,,,,,,,,,,,,,,,,,,,,,,,,,,,,,,,,,,,,,,,,,,,,,,,,,,,
2024-05-25 12:12:51.734639 +00:00,2024-05-25 12:27:38.273984 +00:00,109,3,5,5,3,4,5,5,2,5,4,5,3,4,,,,,,,,,,,,,,,,,,,,,,,,,,,,,,,,,,,,,,,,,,,,,,,,,,,,,,,,,,,,,,,,,,,,,,,,,,,,,,,,,,,,,,,,,,,,,,,,,,,,,,,,,,,,,,,,,,,,,,,,,,,,,,,,,,,,,,,,,,,,,,,,,,,,,,,,,,,,,,,,,,,,,,,,,,,,,,,,,,,,,,,,,,,,,,,,,,,,,,,,,,,,,,,,,,,,,,,,,,,,
2024-05-26 17:23:58.957415 +00:00,2024-05-26 17:30:37.738373 +00:00,111,3,3,3,3,4,4,4,4,4,3,3,2,2,4,4,4,2,3,3,1,1,1,1,4,4,4,4,4,4,3,3,2,2,1,3,3,3,2,2,2,2,2,"",3,4,4,3,3,4,4,4,4,4,4,4,4,3,4,3,4,4,5,5,4,4,3,3,4,3,4,3,4,4,4,4,5,5,5,5,3,3,3,4,4,4,4,3,4,2,4,4,,,,,,,,,,,,,,,,,,,,,4,3,3,3,3,4,4,3,4,4,4,3,3,0,0,0,2,2,3,3,0,0,0,2,3,3,3,4,3,3,2,4,4,3,2,3,2,2,2,2,2,1,2,2,2,1,1,4,2,0,0,0,0,1,0,1,1,1,1,0,1,0,1,1,1,1,1,0,1,1,1,1,0,3,3,3,2,2,3,3,2,3,3,3,2,3,5,6,3,3,4,4,3,3,4,3,4,4,4,3,4,5,4,6,6,3,4,3,5,4,4,3,3,3,3,4,4,4,4,3,3,4
2024-05-26 14:32:40.767582 +00:00,2024-05-26 14:40:38.691267 +00:00,110,4,4,5,5,4,4,4,3,2,2,3,2,3,3,4,4,4,3,3,3,3,4,4,4,4,4,3,4,3,3,4,2,1,1,3,3,2,2,2,2,2,1,"",4,4,4,4,4,3,3,3,3,4,3,5,4,4,4,3,3,4,3,5,5,5,3,3,2,2,5,5,5,4,4,4,4,4,4,4,4,4,4,5,4,5,5,5,5,4,4,4,,,,,,,,,,,,,,,,,,,,,5,5,4,5,4,5,3,3,4,4,4,4,4,4,3,3,3,4,5,5,5,5,5,4,4,3,3,4,3,3,4,4,4,1,2,2,1,1,2,2,1,1,1,3,3,3,2,1,1,1,1,1,0,1,1,1,1,1,1,1,1,1,1,0,1,0,1,0,0,0,0,0,0,3,4,2,2,1,1,2,2,2,3,2,2,2,6,4,4,5,5,5,4,4,5,4,6,5,5,4,5,5,3,5,4,4,4,4,5,5,5,6,5,5,5,4,6,5,5,7,3,3
2024-05-26 17:44:21.997649 +00:00,2024-05-26 17:44:21.997672 +00:00,112,,,,,,,,,,,,,,,,,,,,,,,,,,,,,,,,,,,,,,,,,,,,,,,,,,,,,,,,,,,,,,,,,,,,,,,,,,,,,,,,,,,,,,,,,,,,,,,,,,,,,,,,,,,,,,,,,,,,,,,,,,,,,,,,,,,,,,,,,,,,,,,,,,,,,,,,,,,,,,,,,,,,,,,,,,,,,,,,,,,,,,,,,,,,,,,,,,,,,,,,,,,,,,,,,,,,,,,,,,,,,,,,,,,,,,,,,
2024-05-27 20:30:51.258345 +00:00,2024-05-27 20:50:54.750682 +00:00,114,5,5,5,5,5,5,5,5,5,5,5,5,5,5,5,5,5,5,5,5,5,5,5,5,5,5,3,5,3,3,1,1,1,2,2,2,3,1,1,1,1,1,"",5,5,3,5,2,2,2,0,3,4,3,3,3,4,1,1,1,3,4,4,4,4,5,5,5,5,1,,5,5,5,5,5,5,5,5,5,5,3,5,5,3,5,3,5,5,5,5,,,,,,,,,,,,,,,,,,,,,5,5,1,1,1,1,1,1,1,1,1,1,1,1,1,1,1,1,2,2,2,2,2,2,4,5,5,5,5,5,5,2,5,1,1,1,1,1,1,1,1,1,1,1,1,1,1,1,1,1,1,1,0,0,0,0,0,0,,0,0,0,0,0,0,0,0,0,0,0,0,1,1,1,1,1,2,2,2,2,2,2,2,2,2,4,7,7,7,7,7,7,7,7,7,7,7,7,4,4,7,7,7,6,5,6,6,6,6,6,6,6,6,6,6,6,6,6,6,5,2,2
2024-01-16 20:06:17.688531 +00:00,2024-01-16 20:06:17.688555 +00:00,78,,,,,,,,,,,,,,,,,,,,,,,,,,,,,,,,,,,,,,,,,,,,,,,,,,,,,,,,,,,,,,,,,,,,,,,,,,,,,,,,,,,,,,,,,,,,,,,,,,,,,,,,,,,,,,,,,,,,,,,,,,,,,,,,,,,,,,,,,,,,,,,,,,,,,,,,,,,,,,,,,,,,,,,,,,,,,,,,,,,,,,,,,,,,,,,,,,,,,,,,,,,,,,,,,,,,,,,,,,,,,,,,,,,,,,,,,
2024-05-23 19:46:35.319110 +00:00,2024-06-05 13:42:08.291253 +00:00,108,5,4,5,5,5,5,4,4,5,,5,4,5,4,5,5,5,4,5,4,5,4,5,4,4,5,5,4,4,4,5,2,2,2,3,2,3,3,3,2,3,3,"",,,,,,,,,,,,,,,,,,,,,,,,,,,,,,,,,,,,,,,,,,,,,,,,,,,,,,,,,,,,,,,,,,,,,,,,,,,,,,,,,,,,,,,,,,,,,,,,,,,,,,,,,,,,,,,,,,,,,,,,,,,,,,,,,,,,,,,,,,,,,,,,,,,,,,,,,,,,,,,,,,,,,,,,,,,,,,,,,,,,,,,,,,,,,,
2023-12-05 21:04:45.167212 +00:00,2024-06-09 20:18:58.958721 +00:00,74,3,3,3,3,3,3,3,3,3,3,3,3,3,3,3,3,3,3,3,3,3,3,3,3,3,3,3,3,3,3,3,2,2,2,2,2,2,2,2,2,2,2,"",3,3,3,3,3,3,3,3,3,3,3,3,3,3,3,3,3,3,3,3,3,3,3,3,3,3,3,3,3,3,3,3,3,3,3,3,3,3,3,3,3,2,2,4,2,3,3,3,,,,,,,,,,,,,,,,,,,,,3,3,3,3,3,3,3,3,3,3,3,2,2,2,3,3,3,3,3,3,3,2,3,2,3,3,2,3,2,2,2,2,2,3,2,2,2,2,2,3,2,2,2,2,2,2,2,2,2,1,0,0,0,0,0,0,0,0,0,0,0,0,0,0,0,0,0,0,0,0,0,0,0,3,3,3,3,3,3,3,3,3,3,3,3,3,4,4,4,4,4,4,4,4,4,4,4,4,4,5,4,3,5,5,3,2,3,3,2,,4,4,5,5,5,5,5,5,4,4,4,4
2024-01-13 10:08:03.076360 +00:00,2024-03-12 20:03:01.200438 +00:00,77,,,,,,,,,,,,,,,,,,,,,,,,,,,,,,,,,,,,,,,,,,,"",,,,,,,,,,,,,,,,,,,,,,,,,,,,,,,,,,,,,,,,,,,,,,,,,,,,,,,,,,,,,,,,,,,,,,,,,,,,,,,,,,,,,,,,,,,,,,,,,,,,,,,,,,,,,,,,,,,,,,,,,,,,,,,,,,,,,,,,,,,,,,,,,,,,,,,,,,,,,,,,,,,,,,,,,,,,,,,,,,,,,,,,,,,,,,
2024-05-29 08:53:12.327561 +00:00,2024-05-29 09:20:24.035867 +00:00,119,2,3,1,5,4,4,4,4,3,3,3,3,3,3,3,3,3,3,3,4,4,4,5,5,5,5,5,2,3,4,3,1,1,1,3,3,3,1,3,2,2,1,"",4,2,3,4,1,4,4,3,2,4,4,2,4,4,2,1,1,2,2,1,1,4,4,5,4,3,4,2,2,3,1,3,2,2,4,4,4,4,4,4,3,2,4,4,4,5,5,4,,,,,,,,,,,,,,,,,,,,,5,4,5,4,4,4,4,4,3,4,4,5,5,4,4,4,4,2,4,2,4,4,5,5,4,5,5,5,5,4,4,3,4,2,1,2,3,2,3,2,2,2,3,3,2,2,2,3,2,1,1,1,0,1,0,0,0,0,0,0,0,1,0,0,1,1,0,0,1,0,1,1,0,2,1,2,1,1,1,2,1,4,3,1,1,2,7,6,3,4,7,6,6,6,6,6,5,3,5,6,5,6,5,6,5,5,6,7,6,6,6,6,2,3,1,1,1,1,1,1,1,2
2024-05-26 17:50:25.715444 +00:00,2024-05-30 14:03:21.293221 +00:00,113,5,5,5,4,4,4,4,4,4,4,3,3,3,4,4,3,3,3,4,4,4,4,5,5,5,5,5,5,4,4,4,2,1,2,2,2,2,1,2,2,2,1,"",3,0,0,3,0,0,3,2,2,2,2,2,2,2,3,4,4,4,4,4,4,4,4,4,4,4,4,4,4,4,4,4,4,3,3,2,3,4,3,3,4,3,3,4,4,4,4,4,,,,,,,,,,,,,,,,,,,,,5,3,3,5,4,4,3,3,3,3,3,3,2,2,2,3,3,4,4,4,3,4,4,4,4,4,4,4,4,4,3,4,4,3,2,4,3,2,2,2,2,2,2,1,1,1,2,2,2,0,1,1,0,1,0,0,0,0,0,1,1,0,1,1,1,0,0,0,0,1,0,0,0,2,2,2,3,3,3,3,3,3,2,2,2,2,6,6,6,6,5,5,4,4,5,4,4,3,5,4,5,4,4,5,4,4,5,5,5,4,4,5,6,6,6,3,3,3,3,4,5,5
2024-05-30 14:11:25.681927 +00:00,2024-05-30 14:18:24.155160 +00:00,120,3,3,3,4,4,4,4,4,4,4,4,5,4,4,3,3,3,2,2,2,2,2,2,2,2,2,2,2,2,2,3,1,1,2,2,3,1,1,2,2,1,1,"",3,2,2,2,2,2,2,3,2,2,2,2,3,2,3,2,4,3,2,2,2,2,3,3,3,2,2,2,3,2,2,3,2,3,3,3,2,2,2,3,2,3,2,2,3,3,3,2,,,,,,,,,,,,,,,,,,,,,3,4,3,3,4,4,4,3,3,3,4,3,3,3,3,4,3,3,4,3,2,2,2,2,2,2,2,3,3,3,3,4,3,1,1,1,1,2,2,2,1,2,2,2,2,1,2,1,2,1,1,1,1,0,1,1,0,0,1,1,0,1,1,1,0,1,1,0,0,0,0,0,0,2,3,2,3,2,3,2,2,2,3,3,2,3,4,2,2,2,3,3,4,3,3,3,3,3,3,2,2,4,3,3,2,3,2,3,2,2,2,3,3,3,2,3,3,3,2,2,2,2
2024-06-02 13:26:53.399549 +00:00,2024-06-02 14:21:50.346271 +00:00,121,1,1,2,4,3,2,2,2,2,2,1,1,1,2,2,3,2,2,2,2,2,2,2,1,2,3,3,3,2,3,4,1,1,2,3,3,2,1,1,2,2,1,"",3,3,2,2,3,4,4,4,1,4,4,3,4,4,1,1,1,1,1,1,1,2,2,2,4,3,4,3,3,1,1,3,2,2,1,1,1,1,4,4,4,5,2,2,2,4,5,5,,,,,,,,,,,,,,,,,,,,,2,1,1,1,2,1,1,1,1,1,1,3,3,3,2,2,2,2,2,2,2,4,4,4,4,4,4,4,4,4,3,4,4,3,2,1,2,3,1,1,3,2,2,1,1,1,3,3,2,1,1,1,0,0,1,1,1,1,1,0,0,1,1,1,1,0,0,1,1,0,1,1,1,3,4,3,3,3,3,3,3,3,3,2,2,2,7,5,6,5,6,5,3,4,7,6,4,3,5,5,5,6,5,5,5,5,6,6,5,6,7,1,2,3,2,2,3,4,4,4,4,4
2024-06-02 14:29:51.782485 +00:00,2024-06-02 14:42:09.944031 +00:00,122,1,1,1,2,3,2,3,2,3,2,1,1,1,2,2,1,2,2,1,1,2,1,2,1,1,2,4,3,4,4,4,1,1,1,2,2,2,1,1,2,2,1,no,4,4,4,4,4,4,4,4,4,4,4,4,4,4,3,4,4,4,3,4,4,4,4,4,4,3,4,4,3,4,3,3,4,4,3,4,4,3,4,4,4,4,4,3,4,4,4,4,,,,,,,,,,,,,,,,,,,,,3,4,3,4,4,3,3,2,2,2,2,2,2,3,2,2,2,2,2,2,4,4,2,3,3,3,3,3,4,3,2,2,4,3,2,2,2,3,1,3,1,1,1,2,1,1,1,1,1,1,1,1,1,1,1,1,1,1,1,1,1,1,1,1,1,1,1,1,1,1,1,1,1,3,3,3,2,3,2,3,3,3,2,3,2,3,6,5,6,5,6,6,6,6,6,5,6,5,6,5,6,6,5,4,4,4,4,4,4,5,7,5,5,6,6,5,6,5,6,6,5,6
2024-06-02 18:27:35.231160 +00:00,2024-06-02 18:40:56.968985 +00:00,123,4,4,4,4,4,4,2,4,3,4,2,3,3,4,3,4,2,3,2,4,3,4,2,3,4,3,3,2,4,3,2,3,2,3,3,3,3,1,1,3,3,1,"",4,3,4,3,2,4,3,2,3,4,3,3,4,3,3,3,4,3,3,2,3,3,4,4,4,2,4,3,3,3,3,3,3,3,3,3,3,3,4,4,3,4,5,3,5,4,5,4,,,,,,,,,,,,,,,,,,,,,4,3,4,3,5,4,5,2,5,4,4,4,4,4,4,5,4,5,4,4,5,5,5,4,4,3,5,4,5,4,3,4,4,2,3,3,2,3,3,3,3,3,3,4,4,4,4,4,3,1,1,1,0,0,0,0,0,0,0,0,0,0,0,1,1,1,0,0,0,0,0,0,0,3,3,3,4,3,4,2,3,4,2,3,4,3,5,7,7,7,6,5,4,6,7,,3,7,7,3,5,6,5,4,5,4,5,6,5,6,7,7,5,6,7,6,5,6,7,6,5,7
2024-06-02 19:07:03.730547 +00:00,2024-06-02 19:13:27.321484 +00:00,124,4,4,4,4,,4,5,4,3,5,4,5,4,4,4,5,3,4,5,4,3,4,5,4,3,5,5,4,5,3,4,1,3,3,3,3,3,1,1,3,3,1,"",4,4,4,4,5,4,3,5,4,5,4,3,5,5,5,4,3,4,5,4,3,4,4,5,5,5,4,5,4,5,4,5,4,5,4,3,4,5,5,4,3,5,4,4,3,5,4,3,,,,,,,,,,,,,,,,,,,,,5,4,5,3,5,4,4,5,4,5,3,5,4,3,5,4,3,4,5,5,4,4,3,5,4,5,3,5,4,3,5,4,5,4,3,2,3,2,3,4,3,2,4,3,4,4,4,4,2,1,1,1,0,1,1,1,1,1,0,1,1,0,1,0,1,1,1,1,1,0,1,0,0,4,3,3,4,3,4,4,4,3,3,4,3,4,7,7,7,7,7,7,7,7,7,7,7,7,7,7,5,7,7,5,7,6,5,6,7,5,6,7,5,6,7,6,5,6,7,6,5,5
2024-05-22 12:25:21.717949 +00:00,2024-06-03 22:45:12.969855 +00:00,106,4,4,3,4,2,4,4,3,4,3,2,3,3,4,3,3,2,1,3,4,2,3,4,3,2,3,3,3,2,3,4,2,2,3,3,1,3,1,2,3,3,3,"",4,4,2,3,2,3,3,1,1,4,4,4,3,4,4,2,3,3,5,4,3,4,5,5,4,3,3,2,2,1,3,4,5,5,5,5,4,2,4,4,3,2,5,4,4,3,5,4,,,,,,,,,,,,,,,,,,,,,5,3,5,5,2,4,3,5,1,4,3,0,2,1,1,3,2,2,2,2,1,2,3,5,4,4,4,3,2,2,4,2,3,1,2,1,1,3,1,1,1,2,1,2,1,2,3,4,1,1,1,1,0,0,1,1,1,1,1,0,0,1,0,1,1,1,0,1,1,1,1,1,1,2,1,2,1,2,3,1,2,4,2,1,2,3,5,4,6,4,5,7,6,6,7,6,3,2,7,7,7,4,6,7,5,6,5,7,4,7,6,2,3,1,2,2,1,4,3,2,1,3
2024-06-05 12:53:27.105674 +00:00,2024-06-05 13:00:27.340749 +00:00,126,3,3,3,3,3,4,4,4,3,3,3,3,3,3,3,3,3,3,4,3,4,4,4,3,4,4,4,3,3,3,4,2,1,1,2,1,1,1,1,2,2,1,"",2,2,2,3,2,2,2,3,3,3,3,3,3,3,3,3,3,3,3,3,3,3,3,3,3,4,3,4,4,3,4,4,4,4,3,4,3,4,5,3,4,4,4,4,4,4,4,4,,,,,,,,,,,,,,,,,,,,,4,4,3,4,4,4,4,3,4,4,4,4,3,3,4,3,3,3,3,3,3,4,4,4,4,4,4,4,4,4,4,3,3,4,2,2,4,2,1,4,1,1,2,2,4,2,3,4,2,0,0,0,0,0,0,1,1,1,0,1,1,1,1,0,1,0,1,0,1,0,1,0,1,3,3,3,3,3,3,3,3,3,3,3,3,3,5,5,5,4,5,4,5,4,4,4,4,4,4,4,4,4,4,4,4,4,4,4,5,4,4,4,4,4,4,4,4,5,4,6,4,5
2024-06-10 19:06:06.845130 +00:00,2024-06-12 23:26:43.112596 +00:00,133,1,1,1,5,4,4,4,2,3,1,1,2,5,3,2,2,4,2,2,4,4,4,3,5,4,5,3,3,3,3,4,1,1,1,1,1,2,1,1,2,1,1,no,3,1,0,4,2,0,5,4,0,4,3,2,0,2,2,2,2,2,0,3,3,3,3,4,3,4,4,4,4,2,1,4,5,1,3,4,3,3,3,2,2,3,4,2,3,4,3,3,,,,,,,,,,,,,,,,,,,,,3,2,1,4,2,3,1,1,2,1,3,4,3,4,2,2,3,3,3,1,2,1,5,5,5,4,3,,2,2,3,1,2,2,3,2,3,1,2,1,1,3,2,2,1,2,2,1,1,1,1,0,0,0,0,0,0,1,0,0,0,0,0,1,0,0,0,0,0,0,0,1,0,1,1,1,1,2,3,3,3,4,3,2,2,3,7,6,6,4,5,7,7,5,5,5,4,3,6,5,5,5,4,3,3,3,5,4,5,6,5,3,2,2,2,2,1,3,2,1,1,1
2024-06-12 21:20:27.938872 +00:00,2024-06-12 21:38:09.636998 +00:00,136,5,5,3,4,2,3,5,5,5,4,3,2,3,4,5,4,5,4,3,3,4,2,5,5,4,5,2,3,5,5,4,3,2,,3,2,1,2,1,3,3,1,"",4,5,3,5,2,3,5,1,4,5,5,4,5,3,3,2,2,4,3,5,3,3,5,5,4,3,4,2,4,1,4,5,5,4,5,4,4,3,4,5,3,5,4,4,3,4,5,3,,,,,,,,,,,,,,,,,,,,,4,3,4,5,2,1,2,4,3,3,4,2,3,2,1,3,1,2,2,1,3,2,1,4,5,5,4,3,5,2,2,3,4,1,2,1,3,,1,2,3,1,2,1,3,2,3,4,2,1,1,0,0,0,1,1,1,1,0,0,1,1,0,1,1,1,0,1,1,0,1,1,0,1,1,2,2,1,2,4,2,4,2,1,1,2,6,7,5,5,4,6,7,7,7,7,3,2,5,6,7,7,5,5,4,6,7,6,6,4,5,2,1,1,2,3,1,2,2,3,1,2
2024-06-08 11:04:41.178272 +00:00,2024-06-08 11:55:24.496405 +00:00,128,5,5,3,3,5,5,5,4,3,5,5,2,4,3,3,3,3,4,3,3,3,3,,3,4,3,3,3,3,3,5,2,2,2,3,2,2,2,2,2,2,2,"",3,3,0,3,0,0,0,0,0,3,3,3,3,3,3,3,3,4,3,3,3,2,2,3,3,3,3,3,3,3,2,3,3,2,2,2,2,2,3,4,3,3,3,3,3,3,3,2,,,,,,,,,,,,,,,,,,,,,3,3,3,3,1,2,2,3,2,3,2,2,2,2,2,2,2,2,2,2,2,2,2,2,2,2,2,2,2,2,3,2,2,1,,,1,2,1,1,1,1,1,1,1,1,1,1,1,0,0,0,0,0,0,0,0,0,0,0,0,0,0,0,0,0,0,0,0,0,0,0,0,2,2,3,2,2,2,3,3,3,3,3,3,3,6,6,6,5,6,5,4,4,6,5,1,1,4,4,4,4,4,4,4,4,4,4,4,4,4,4,4,4,4,3,2,5,4,2,2,5
2024-06-10 19:21:57.703595 +00:00,2024-06-10 20:15:05.266391 +00:00,134,3,3,4,5,3,5,5,5,2,2,2,4,5,4,2,3,2,2,2,2,3,2,2,2,2,5,3,2,3,4,2,1,1,1,1,1,3,2,1,1,1,1,"",4,3,3,3,3,3,3,2,2,4,4,2,1,3,4,4,3,1,1,4,4,5,5,5,5,5,2,4,3,2,2,4,5,5,5,5,4,3,2,1,1,1,2,2,1,3,3,3,,,,,,,,,,,,,,,,,,,,,1,1,1,3,1,1,1,1,1,1,4,1,1,1,1,1,1,1,1,1,1,1,1,5,5,5,5,3,1,3,4,3,5,1,2,1,1,4,1,2,1,1,1,1,1,3,1,2,1,0,1,1,0,0,0,1,1,1,1,1,1,1,0,1,1,0,1,1,1,0,0,1,0,3,3,3,3,3,3,3,3,2,2,3,3,3,7,7,7,7,7,7,7,7,7,7,5,4,3,2,3,4,4,4,4,4,4,4,4,4,4,3,4,4,3,4,2,4,4,2,3,3
2024-06-09 19:00:51.046497 +00:00,2024-06-09 19:15:03.595066 +00:00,130,3,4,4,4,2,5,5,5,,5,5,2,5,5,5,5,5,5,4,4,4,4,4,3,4,5,4,5,4,5,5,3,2,3,3,3,3,3,3,2,2,2,"",4,4,4,3,2,5,3,4,2,5,3,5,5,5,1,2,3,4,5,1,1,1,5,5,5,4,4,5,1,5,1,5,5,5,5,4,4,4,4,3,3,2,3,2,4,5,5,5,,,,,,,,,,,,,,,,,,,,,5,4,4,4,5,5,5,5,5,5,5,5,4,5,5,3,5,5,5,5,5,5,5,5,5,5,5,5,5,5,5,5,4,2,2,2,2,2,2,2,3,2,3,2,1,3,2,2,3,1,1,1,0,1,1,1,1,0,1,1,0,0,0,1,1,0,1,0,1,1,1,1,1,2,2,2,2,2,1,3,2,3,1,1,1,1,7,7,7,7,7,7,7,7,7,7,7,7,5,5,4,5,4,6,6,6,7,7,6,7,7,7,7,7,7,7,7,7,7,6,6,7
2024-06-09 20:21:49.149641 +00:00,2024-06-09 21:03:12.380595 +00:00,131,3,3,3,4,5,5,4,2,3,4,5,3,4,3,4,4,3,4,4,4,3,4,3,3,4,5,5,4,5,3,4,2,1,1,3,3,3,1,2,3,3,1,"",2,3,3,4,3,4,5,3,3,4,4,5,5,4,5,4,5,3,5,5,4,,5,3,5,3,5,3,5,4,5,5,3,4,5,5,3,5,5,4,5,5,5,3,4,5,4,5,,,,,,,,,,,,,,,,,,,,,4,5,3,4,5,3,3,3,4,3,4,4,4,3,5,3,3,1,1,1,1,1,1,5,3,3,4,3,3,4,3,4,3,2,2,1,3,2,2,2,2,3,3,3,2,2,3,2,2,1,0,1,1,1,0,0,1,1,0,0,1,0,0,1,0,0,0,0,1,1,1,1,1,4,3,3,2,2,4,2,3,3,2,3,2,2,4,3,5,5,4,5,5,5,4,3,1,1,5,4,2,2,4,5,3,2,2,5,5,6,2,2,4,5,3,5,3,3,5,6,6,5
2024-06-07 20:39:51.334422 +00:00,2024-06-12 13:33:28.023320 +00:00,127,1,1,1,5,5,5,5,5,5,5,5,5,5,5,5,5,5,5,5,5,5,5,5,5,5,5,5,5,3,5,5,2,1,2,2,2,3,1,1,2,3,2,"",4,4,1,4,1,4,1,1,1,1,1,1,1,4,4,4,4,4,4,4,4,4,4,4,4,4,4,4,4,4,4,4,4,4,4,4,4,4,4,4,4,4,4,4,4,4,4,4,,,,,,,,,,,,,,,,,,,,,4,3,3,4,4,4,4,4,4,4,4,4,4,4,4,4,4,4,4,4,4,4,4,4,4,4,4,4,4,4,4,4,4,4,1,2,1,2,2,2,,2,2,2,3,1,2,1,2,0,1,1,1,1,1,1,1,1,1,1,1,1,1,1,1,1,1,1,1,1,1,1,1,4,4,4,4,4,4,4,4,4,4,4,4,4,5,5,5,5,5,5,5,5,5,5,5,5,5,5,5,5,5,5,5,5,5,5,5,5,5,5,5,5,5,5,5,5,5,5,5,5
2024-06-10 09:32:42.117870 +00:00,2024-06-10 09:38:55.957533 +00:00,132,3,3,3,5,2,4,2,5,3,2,3,4,5,2,5,3,2,5,3,4,2,3,5,1,2,3,5,3,4,3,4,2,3,1,3,1,3,1,1,1,2,1,"",4,3,5,2,4,3,5,3,4,3,5,2,5,3,2,4,4,5,3,4,3,5,5,3,4,4,4,4,4,4,4,4,4,3,5,3,5,2,1,2,4,3,5,5,4,2,4,3,,,,,,,,,,,,,,,,,,,,,5,3,2,4,3,5,5,4,4,3,4,5,3,4,5,2,3,2,3,4,4,2,3,3,5,4,4,3,5,4,5,3,5,2,2,1,4,4,2,3,1,1,1,1,1,1,2,2,2,0,1,1,0,0,1,0,1,0,0,1,1,0,1,0,0,0,0,0,1,0,1,0,1,3,2,4,2,3,3,4,2,4,4,4,4,3,5,6,3,2,7,6,4,7,5,7,6,3,3,6,3,7,5,7,6,5,6,7,4,3,2,4,3,5,3,6,5,7,7,7,5,3
2024-06-13 06:53:29.567289 +00:00,2024-06-13 06:53:29.567327 +00:00,137,,,,,,,,,,,,,,,,,,,,,,,,,,,,,,,,,,,,,,,,,,,,,,,,,,,,,,,,,,,,,,,,,,,,,,,,,,,,,,,,,,,,,,,,,,,,,,,,,,,,,,,,,,,,,,,,,,,,,,,,,,,,,,,,,,,,,,,,,,,,,,,,,,,,,,,,,,,,,,,,,,,,,,,,,,,,,,,,,,,,,,,,,,,,,,,,,,,,,,,,,,,,,,,,,,,,,,,,,,,,,,,,,,,,,,,,,
2024-06-08 17:00:35.321403 +00:00,2024-06-11 18:22:19.538924 +00:00,129,1,5,4,5,5,5,5,2,5,5,5,3,4,5,5,5,4,4,4,5,4,4,5,5,4,5,1,4,2,4,4,1,1,1,2,1,1,1,1,1,2,1,"",3,3,1,4,2,4,3,1,3,5,3,5,2,5,2,1,3,4,4,1,2,3,3,2,3,4,4,1,1,3,3,4,4,4,3,3,4,3,3,2,1,4,2,2,2,3,3,2,,,,,,,,,,,,,,,,,,,,,2,2,2,3,1,1,1,1,1,1,1,1,1,1,1,1,1,1,1,1,1,1,1,5,5,5,4,3,2,1,2,1,1,4,1,1,1,3,1,1,3,,1,1,2,1,1,1,1,1,1,1,0,0,1,1,1,1,1,1,0,0,0,0,0,0,0,0,0,0,0,1,0,1,1,1,1,1,1,1,1,1,1,1,1,1,7,7,7,7,7,7,7,7,6,6,7,6,7,7,7,7,7,7,6,6,6,6,6,6,6,6,7,6,6,7,6,6,7,7,6,7
2023-11-09 15:58:04.040655 +00:00,2024-06-10 11:40:10.967022 +00:00,13,1,1,3,5,4,5,4,3,3,3,3,1,1,3,3,4,4,3,3,5,3,4,4,4,4,4,2,4,4,5,5,1,1,1,2,2,3,1,2,3,3,1,"",5,5,5,5,5,5,5,1,3,5,5,5,5,5,4,1,2,2,1,2,2,3,2,5,5,3,4,4,4,3,4,4,3,4,5,5,4,3,4,4,2,5,3,4,4,4,4,5,,,,,,,,,,,,,,,,,,,,,4,3,3,3,3,4,3,4,4,1,3,3,3,3,3,3,2,4,2,1,3,3,3,4,4,2,3,2,2,1,3,1,3,2,1,4,3,3,3,3,2,1,3,1,1,2,3,4,3,0,0,1,1,0,1,0,1,0,1,0,1,0,1,0,1,0,1,0,0,1,1,0,1,2,3,1,4,2,2,3,4,3,2,4,1,1,2,5,3,7,6,3,4,1,5,3,4,7,2,4,2,6,2,4,5,4,1,7,3,5,4,3,6,5,1,2,3,4,5,6,6,4
2024-06-11 18:23:14.510623 +00:00,2024-06-11 18:28:02.329305 +00:00,135,4,2,2,4,5,3,5,3,3,4,5,2,1,5,4,4,3,,5,2,4,3,5,4,5,2,3,3,4,5,2,3,3,3,3,2,3,3,3,3,3,3,"",5,3,4,3,4,5,3,4,3,5,5,4,3,4,4,5,3,4,5,5,5,5,4,4,4,4,5,2,4,5,3,4,5,5,4,5,5,2,3,5,4,3,3,5,4,2,4,5,,,,,,,,,,,,,,,,,,,,,4,3,5,4,3,3,4,5,4,5,3,4,5,3,4,4,5,5,3,5,3,4,5,4,3,5,5,3,4,5,4,3,4,1,1,2,4,3,3,4,3,4,3,3,2,1,4,3,2,1,1,0,0,1,0,1,0,1,0,0,0,0,1,0,1,0,0,0,0,0,1,1,1,4,3,3,4,4,3,4,2,3,,1,3,4,4,6,3,6,7,6,4,6,7,7,4,7,7,4,5,6,5,6,7,7,5,7,5,6,7,6,5,7,7,6,4,5,4,2,3,6
